idx,char,examples,distractors,batch,category,meanings,radical,components,complexity
1,一,"[{""word"": ""一"", ""reading"": ""いち"", ""meaning"": ""one""}, {""word"": ""一つ"", ""reading"": ""ひとつ"", ""meaning"": ""one thing""}, {""word"": ""一人"", ""reading"": ""ひとり"", ""meaning"": ""one person""}, {""word"": ""一月"", ""reading"": ""いちがつ"", ""meaning"": ""January""}, {""word"": ""一日"", ""reading"": ""ついたち"", ""meaning"": ""1st of month""}, {""word"": ""一年"", ""reading"": ""いちねん"", ""meaning"": ""one year""}, {""word"": ""一時"", ""reading"": ""いちじ"", ""meaning"": ""1 o'clock""}, {""word"": ""第一"", ""reading"": ""だいいち"", ""meaning"": ""number one""}]","[{""word"": ""一水"", ""reading"": ""いっすい"", ""meaning"": ""(non-word)""}, {""word"": ""一肉"", ""reading"": ""いちにく"", ""meaning"": ""(non-word)""}, {""word"": ""一茶"", ""reading"": ""いっちゃ"", ""meaning"": ""(non-word)""}]",1,Numbers,one; one radical (no.1),一,一,1
2,二,"[{""word"": ""二"", ""reading"": ""に"", ""meaning"": ""two""}, {""word"": ""二つ"", ""reading"": ""ふたつ"", ""meaning"": ""two things""}, {""word"": ""二人"", ""reading"": ""ふたり"", ""meaning"": ""two people""}, {""word"": ""二月"", ""reading"": ""にがつ"", ""meaning"": ""February""}, {""word"": ""二日"", ""reading"": ""ふつか"", ""meaning"": ""2nd of month""}, {""word"": ""二時"", ""reading"": ""にじ"", ""meaning"": ""2 o'clock""}, {""word"": ""二年"", ""reading"": ""にねん"", ""meaning"": ""two years""}]","[{""word"": ""二水"", ""reading"": ""にすい"", ""meaning"": ""(non-word)""}, {""word"": ""二肉"", ""reading"": ""にに く"", ""meaning"": ""(non-word)""}, {""word"": ""二油"", ""reading"": ""にゆ"", ""meaning"": ""(non-word)""}]",1,Numbers,two; two radical (no. 7),二,二,2
3,三,"[{""word"": ""三"", ""reading"": ""さん"", ""meaning"": ""three""}, {""word"": ""三つ"", ""reading"": ""みっつ"", ""meaning"": ""three things""}, {""word"": ""三人"", ""reading"": ""さんにん"", ""meaning"": ""three people""}, {""word"": ""三月"", ""reading"": ""さんがつ"", ""meaning"": ""March""}, {""word"": ""三日"", ""reading"": ""みっか"", ""meaning"": ""3rd of month""}, {""word"": ""三時"", ""reading"": ""さんじ"", ""meaning"": ""3 o'clock""}, {""word"": ""三角"", ""reading"": ""さんかく"", ""meaning"": ""triangle""}]","[{""word"": ""三肉"", ""reading"": ""さんにく"", ""meaning"": ""(non-word)""}, {""word"": ""三茶"", ""reading"": ""さんちゃ"", ""meaning"": ""(non-word)""}, {""word"": ""三電"", ""reading"": ""さんでん"", ""meaning"": ""(non-word)""}]",1,Numbers,three,一,一 二,3
4,四,"[{""word"": ""四"", ""reading"": ""し"", ""meaning"": ""four""}, {""word"": ""四つ"", ""reading"": ""よっつ"", ""meaning"": ""four things""}, {""word"": ""四人"", ""reading"": ""よにん"", ""meaning"": ""four people""}, {""word"": ""四月"", ""reading"": ""しがつ"", ""meaning"": ""April""}, {""word"": ""四日"", ""reading"": ""よっか"", ""meaning"": ""4th of month""}, {""word"": ""四時"", ""reading"": ""よじ"", ""meaning"": ""4 o'clock""}, {""word"": ""四角"", ""reading"": ""しかく"", ""meaning"": ""square""}]","[{""word"": ""四水"", ""reading"": ""しすい"", ""meaning"": ""(non-word)""}, {""word"": ""四肉"", ""reading"": ""しにく"", ""meaning"": ""(non-word)""}, {""word"": ""四道"", ""reading"": ""しどう"", ""meaning"": ""(non-word)""}]",1,Numbers,four,囗,儿 囗,5
5,五,"[{""word"": ""五"", ""reading"": ""ご"", ""meaning"": ""five""}, {""word"": ""五つ"", ""reading"": ""いつつ"", ""meaning"": ""five things""}, {""word"": ""五人"", ""reading"": ""ごにん"", ""meaning"": ""five people""}, {""word"": ""五月"", ""reading"": ""ごがつ"", ""meaning"": ""May""}, {""word"": ""五日"", ""reading"": ""いつか"", ""meaning"": ""5th of month""}, {""word"": ""五時"", ""reading"": ""ごじ"", ""meaning"": ""5 o'clock""}, {""word"": ""五年"", ""reading"": ""ごねん"", ""meaning"": ""five years""}]","[{""word"": ""五肉"", ""reading"": ""ごにく"", ""meaning"": ""(non-word)""}, {""word"": ""五茶"", ""reading"": ""ごちゃ"", ""meaning"": ""(non-word)""}, {""word"": ""五山"", ""reading"": ""ごやま"", ""meaning"": ""(non-word)""}]",1,Numbers,five,二,五,4
6,六,"[{""word"": ""六"", ""reading"": ""ろく"", ""meaning"": ""six""}, {""word"": ""六つ"", ""reading"": ""むっつ"", ""meaning"": ""six things""}, {""word"": ""六人"", ""reading"": ""ろくにん"", ""meaning"": ""six people""}, {""word"": ""六月"", ""reading"": ""ろくがつ"", ""meaning"": ""June""}, {""word"": ""六日"", ""reading"": ""むいか"", ""meaning"": ""6th of month""}, {""word"": ""六時"", ""reading"": ""ろくじ"", ""meaning"": ""6 o'clock""}]","[{""word"": ""六肉"", ""reading"": ""ろくにく"", ""meaning"": ""(non-word)""}, {""word"": ""六水"", ""reading"": ""ろくすい"", ""meaning"": ""(non-word)""}, {""word"": ""六茶"", ""reading"": ""ろくちゃ"", ""meaning"": ""(non-word)""}]",1,Numbers,six,八,ハ 亠,4
7,七,"[{""word"": ""七"", ""reading"": ""なな"", ""meaning"": ""seven""}, {""word"": ""七つ"", ""reading"": ""ななつ"", ""meaning"": ""seven things""}, {""word"": ""七人"", ""reading"": ""しちにん"", ""meaning"": ""seven people""}, {""word"": ""七月"", ""reading"": ""しちがつ"", ""meaning"": ""July""}, {""word"": ""七日"", ""reading"": ""なのか"", ""meaning"": ""7th of month""}, {""word"": ""七時"", ""reading"": ""しちじ"", ""meaning"": ""7 o'clock""}]","[{""word"": ""七肉"", ""reading"": ""しちにく"", ""meaning"": ""(non-word)""}, {""word"": ""七油"", ""reading"": ""ななゆ"", ""meaning"": ""(non-word)""}, {""word"": ""七電"", ""reading"": ""しちでん"", ""meaning"": ""(non-word)""}]",1,Numbers,seven,一,乙 匕 ノ,2
8,八,"[{""word"": ""八"", ""reading"": ""はち"", ""meaning"": ""eight""}, {""word"": ""八つ"", ""reading"": ""やっつ"", ""meaning"": ""eight things""}, {""word"": ""八人"", ""reading"": ""はちにん"", ""meaning"": ""eight people""}, {""word"": ""八月"", ""reading"": ""はちがつ"", ""meaning"": ""August""}, {""word"": ""八日"", ""reading"": ""ようか"", ""meaning"": ""8th of month""}, {""word"": ""八時"", ""reading"": ""はちじ"", ""meaning"": ""8 o'clock""}]","[{""word"": ""八肉"", ""reading"": ""はちにく"", ""meaning"": ""(non-word)""}, {""word"": ""八茶"", ""reading"": ""はっちゃ"", ""meaning"": ""(non-word)""}, {""word"": ""八水"", ""reading"": ""はっすい"", ""meaning"": ""(non-word)""}]",1,Numbers,eight; eight radical (no. 12),八,ハ,2
9,九,"[{""word"": ""九"", ""reading"": ""きゅう"", ""meaning"": ""nine""}, {""word"": ""九つ"", ""reading"": ""ここのつ"", ""meaning"": ""nine things""}, {""word"": ""九人"", ""reading"": ""きゅうにん"", ""meaning"": ""nine people""}, {""word"": ""九月"", ""reading"": ""くがつ"", ""meaning"": ""September""}, {""word"": ""九日"", ""reading"": ""ここのか"", ""meaning"": ""9th of month""}, {""word"": ""九時"", ""reading"": ""くじ"", ""meaning"": ""9 o'clock""}]","[{""word"": ""九肉"", ""reading"": ""きゅうにく"", ""meaning"": ""(non-word)""}, {""word"": ""九茶"", ""reading"": ""きゅうちゃ"", ""meaning"": ""(non-word)""}, {""word"": ""九道"", ""reading"": ""くどう"", ""meaning"": ""(non-word)""}]",1,Numbers,nine,乙,九,2
10,十,"[{""word"": ""十"", ""reading"": ""じゅう"", ""meaning"": ""ten""}, {""word"": ""十人"", ""reading"": ""じゅうにん"", ""meaning"": ""ten people""}, {""word"": ""十月"", ""reading"": ""じゅうがつ"", ""meaning"": ""October""}, {""word"": ""十日"", ""reading"": ""とおか"", ""meaning"": ""10th of month""}, {""word"": ""十時"", ""reading"": ""じゅうじ"", ""meaning"": ""10 o'clock""}, {""word"": ""十分"", ""reading"": ""じゅっぷん"", ""meaning"": ""ten minutes""}]","[{""word"": ""十肉"", ""reading"": ""じゅうにく"", ""meaning"": ""(non-word)""}, {""word"": ""十茶"", ""reading"": ""じゅっちゃ"", ""meaning"": ""(non-word)""}, {""word"": ""十油"", ""reading"": ""じゅうゆ"", ""meaning"": ""(non-word)""}]",1,Numbers,ten,十,十,2
11,百,"[{""word"": ""百"", ""reading"": ""ひゃく"", ""meaning"": ""hundred""}, {""word"": ""百円"", ""reading"": ""ひゃくえん"", ""meaning"": ""100 yen""}, {""word"": ""百年"", ""reading"": ""ひゃくねん"", ""meaning"": ""100 years""}, {""word"": ""百人"", ""reading"": ""ひゃくにん"", ""meaning"": ""100 people""}, {""word"": ""三百"", ""reading"": ""さんびゃく"", ""meaning"": ""300""}, {""word"": ""八百"", ""reading"": ""はっぴゃく"", ""meaning"": ""800""}]","[{""word"": ""百肉"", ""reading"": ""ひゃくにく"", ""meaning"": ""(non-word)""}, {""word"": ""百茶"", ""reading"": ""ひゃくちゃ"", ""meaning"": ""(non-word)""}, {""word"": ""百道"", ""reading"": ""ひゃくどう"", ""meaning"": ""(non-word)""}]",1,Numbers,hundred,白,一 白,6
12,千,"[{""word"": ""千"", ""reading"": ""せん"", ""meaning"": ""thousand""}, {""word"": ""千円"", ""reading"": ""せんえん"", ""meaning"": ""1000 yen""}, {""word"": ""千年"", ""reading"": ""せんねん"", ""meaning"": ""1000 years""}, {""word"": ""千人"", ""reading"": ""せんにん"", ""meaning"": ""1000 people""}, {""word"": ""三千"", ""reading"": ""さんぜん"", ""meaning"": ""3000""}, {""word"": ""千葉"", ""reading"": ""ちば"", ""meaning"": ""Chiba""}]","[{""word"": ""千肉"", ""reading"": ""せんにく"", ""meaning"": ""(non-word)""}, {""word"": ""千茶"", ""reading"": ""せんちゃ"", ""meaning"": ""(non-word)""}, {""word"": ""千水"", ""reading"": ""せんすい"", ""meaning"": ""(non-word)""}]",1,Numbers,thousand,十,ノ 十,3
13,万,"[{""word"": ""万"", ""reading"": ""まん"", ""meaning"": ""ten thousand""}, {""word"": ""一万"", ""reading"": ""いちまん"", ""meaning"": ""10000""}, {""word"": ""万円"", ""reading"": ""まんえん"", ""meaning"": ""10000 yen""}, {""word"": ""万年"", ""reading"": ""まんねん"", ""meaning"": ""10000 years""}, {""word"": ""百万"", ""reading"": ""ひゃくまん"", ""meaning"": ""million""}, {""word"": ""万人"", ""reading"": ""ばんにん"", ""meaning"": ""all people""}]","[{""word"": ""万肉"", ""reading"": ""まんにく"", ""meaning"": ""(non-word)""}, {""word"": ""万茶"", ""reading"": ""まんちゃ"", ""meaning"": ""(non-word)""}, {""word"": ""万電"", ""reading"": ""まんでん"", ""meaning"": ""(non-word)""}]",1,Numbers,"ten thousand; 10,000",一,｜ ノ 一,3
14,日,"[{""word"": ""日"", ""reading"": ""ひ"", ""meaning"": ""day/sun""}, {""word"": ""日本"", ""reading"": ""にほん"", ""meaning"": ""Japan""}, {""word"": ""毎日"", ""reading"": ""まいにち"", ""meaning"": ""every day""}, {""word"": ""日曜日"", ""reading"": ""にちようび"", ""meaning"": ""Sunday""}, {""word"": ""今日"", ""reading"": ""きょう"", ""meaning"": ""today""}, {""word"": ""休日"", ""reading"": ""きゅうじつ"", ""meaning"": ""holiday""}]","[{""word"": ""日肉"", ""reading"": ""ひにく"", ""meaning"": ""(non-word)""}, {""word"": ""日茶"", ""reading"": ""にっちゃ"", ""meaning"": ""(non-word)""}, {""word"": ""日油"", ""reading"": ""ひあぶら"", ""meaning"": ""(non-word)""}]",1,Time,day; sun; Japan; counter for days,日,日,4
15,月,"[{""word"": ""月"", ""reading"": ""つき"", ""meaning"": ""moon/month""}, {""word"": ""月曜日"", ""reading"": ""げつようび"", ""meaning"": ""Monday""}, {""word"": ""今月"", ""reading"": ""こんげつ"", ""meaning"": ""this month""}, {""word"": ""一月"", ""reading"": ""いちがつ"", ""meaning"": ""January""}, {""word"": ""毎月"", ""reading"": ""まいつき"", ""meaning"": ""every month""}, {""word"": ""月見"", ""reading"": ""つきみ"", ""meaning"": ""moon viewing""}]","[{""word"": ""月肉"", ""reading"": ""つきにく"", ""meaning"": ""(non-word)""}, {""word"": ""月茶"", ""reading"": ""げっちゃ"", ""meaning"": ""(non-word)""}, {""word"": ""月道"", ""reading"": ""つきどう"", ""meaning"": ""(non-word)""}]",1,Time,month; moon,月,月,4
16,火,"[{""word"": ""火"", ""reading"": ""ひ"", ""meaning"": ""fire""}, {""word"": ""火曜日"", ""reading"": ""かようび"", ""meaning"": ""Tuesday""}, {""word"": ""花火"", ""reading"": ""はなび"", ""meaning"": ""fireworks""}, {""word"": ""火山"", ""reading"": ""かざん"", ""meaning"": ""volcano""}, {""word"": ""火事"", ""reading"": ""かじ"", ""meaning"": ""fire/blaze""}]","[{""word"": ""火肉"", ""reading"": ""ひにく"", ""meaning"": ""(non-word)""}, {""word"": ""火茶"", ""reading"": ""かちゃ"", ""meaning"": ""(non-word)""}, {""word"": ""火米"", ""reading"": ""かまい"", ""meaning"": ""(non-word)""}]",1,Nature,fire,火,火,4
17,水,"[{""word"": ""水"", ""reading"": ""みず"", ""meaning"": ""water""}, {""word"": ""水曜日"", ""reading"": ""すいようび"", ""meaning"": ""Wednesday""}, {""word"": ""水道"", ""reading"": ""すいどう"", ""meaning"": ""water supply""}, {""word"": ""お水"", ""reading"": ""おみず"", ""meaning"": ""water (polite)""}, {""word"": ""水中"", ""reading"": ""すいちゅう"", ""meaning"": ""underwater""}]","[{""word"": ""水肉"", ""reading"": ""みずにく"", ""meaning"": ""(non-word)""}, {""word"": ""水茶"", ""reading"": ""みずちゃ"", ""meaning"": ""(non-word)""}, {""word"": ""水電"", ""reading"": ""すいでん"", ""meaning"": ""(non-word)""}]",1,Nature,water,水,水,4
18,木,"[{""word"": ""木"", ""reading"": ""き"", ""meaning"": ""tree""}, {""word"": ""木曜日"", ""reading"": ""もくようび"", ""meaning"": ""Thursday""}, {""word"": ""木"", ""reading"": ""もく"", ""meaning"": ""wood""}, {""word"": ""木村"", ""reading"": ""きむら"", ""meaning"": ""Kimura (name)""}, {""word"": ""大木"", ""reading"": ""たいぼく"", ""meaning"": ""big tree""}]","[{""word"": ""木肉"", ""reading"": ""きにく"", ""meaning"": ""(non-word)""}, {""word"": ""木茶"", ""reading"": ""もくちゃ"", ""meaning"": ""(non-word)""}, {""word"": ""木油"", ""reading"": ""きあぶら"", ""meaning"": ""(non-word)""}]",1,Nature,tree; wood,木,木,4
19,金,"[{""word"": ""金"", ""reading"": ""かね"", ""meaning"": ""money""}, {""word"": ""金曜日"", ""reading"": ""きんようび"", ""meaning"": ""Friday""}, {""word"": ""お金"", ""reading"": ""おかね"", ""meaning"": ""money""}, {""word"": ""金魚"", ""reading"": ""きんぎょ"", ""meaning"": ""goldfish""}, {""word"": ""料金"", ""reading"": ""りょうきん"", ""meaning"": ""fee""}]","[{""word"": ""金菜"", ""reading"": ""きんさい"", ""meaning"": ""(non-word)""}, {""word"": ""金麺"", ""reading"": ""きんめん"", ""meaning"": ""(non-word)""}, {""word"": ""金駅"", ""reading"": ""きんえき"", ""meaning"": ""(non-word)""}]",1,Shopping,gold,金,金 王 ハ 𠆢 丷,8
20,土,"[{""word"": ""土"", ""reading"": ""つち"", ""meaning"": ""soil""}, {""word"": ""土曜日"", ""reading"": ""どようび"", ""meaning"": ""Saturday""}, {""word"": ""土地"", ""reading"": ""とち"", ""meaning"": ""land""}, {""word"": ""お土産"", ""reading"": ""おみやげ"", ""meaning"": ""souvenir""}, {""word"": ""土曜"", ""reading"": ""どよう"", ""meaning"": ""Saturday""}]","[{""word"": ""土肉"", ""reading"": ""つちにく"", ""meaning"": ""(non-word)""}, {""word"": ""土茶"", ""reading"": ""どちゃ"", ""meaning"": ""(non-word)""}, {""word"": ""土油"", ""reading"": ""つちあぶら"", ""meaning"": ""(non-word)""}]",1,Nature,soil; earth; ground; Turkey,土,土,3
21,年,"[{""word"": ""年"", ""reading"": ""とし"", ""meaning"": ""year/age""}, {""word"": ""今年"", ""reading"": ""ことし"", ""meaning"": ""this year""}, {""word"": ""毎年"", ""reading"": ""まいとし"", ""meaning"": ""every year""}, {""word"": ""去年"", ""reading"": ""きょねん"", ""meaning"": ""last year""}, {""word"": ""年間"", ""reading"": ""ねんかん"", ""meaning"": ""yearly""}, {""word"": ""少年"", ""reading"": ""しょうねん"", ""meaning"": ""boy""}]","[{""word"": ""年肉"", ""reading"": ""としにく"", ""meaning"": ""(non-word)""}, {""word"": ""年茶"", ""reading"": ""ねんちゃ"", ""meaning"": ""(non-word)""}, {""word"": ""年水"", ""reading"": ""ねんすい"", ""meaning"": ""(non-word)""}]",1,Time,year; counter for years,干,ノ 一 干 𠂉,6
22,時,"[{""word"": ""時"", ""reading"": ""とき"", ""meaning"": ""time""}, {""word"": ""時間"", ""reading"": ""じかん"", ""meaning"": ""time/hour""}, {""word"": ""時計"", ""reading"": ""とけい"", ""meaning"": ""clock""}, {""word"": ""一時"", ""reading"": ""いちじ"", ""meaning"": ""1 o'clock""}, {""word"": ""時々"", ""reading"": ""ときどき"", ""meaning"": ""sometimes""}]","[{""word"": ""時肉"", ""reading"": ""じにく"", ""meaning"": ""(non-word)""}, {""word"": ""時茶"", ""reading"": ""じちゃ"", ""meaning"": ""(non-word)""}, {""word"": ""時米"", ""reading"": ""じまい"", ""meaning"": ""(non-word)""}]",1,Time,time; hour,日,寸 土 日,10
23,分,"[{""word"": ""分"", ""reading"": ""ふん"", ""meaning"": ""minute""}, {""word"": ""自分"", ""reading"": ""じぶん"", ""meaning"": ""oneself""}, {""word"": ""半分"", ""reading"": ""はんぶん"", ""meaning"": ""half""}, {""word"": ""十分"", ""reading"": ""じゅうぶん"", ""meaning"": ""enough""}, {""word"": ""分かる"", ""reading"": ""わかる"", ""meaning"": ""to understand""}, {""word"": ""気分"", ""reading"": ""きぶん"", ""meaning"": ""mood""}]","[{""word"": ""分肉"", ""reading"": ""ぶんにく"", ""meaning"": ""(non-word)""}, {""word"": ""分茶"", ""reading"": ""ぶんちゃ"", ""meaning"": ""(non-word)""}, {""word"": ""分電"", ""reading"": ""ぶんでん"", ""meaning"": ""(non-word)""}]",1,Time,part; minute of time; segment; share; degree; one's lot; duty; understand; know; rate; 1%; chances; shaku/100,刀,刀 ハ,4
24,今,"[{""word"": ""今"", ""reading"": ""いま"", ""meaning"": ""now""}, {""word"": ""今日"", ""reading"": ""きょう"", ""meaning"": ""today""}, {""word"": ""今月"", ""reading"": ""こんげつ"", ""meaning"": ""this month""}, {""word"": ""今年"", ""reading"": ""ことし"", ""meaning"": ""this year""}, {""word"": ""今週"", ""reading"": ""こんしゅう"", ""meaning"": ""this week""}, {""word"": ""今晩"", ""reading"": ""こんばん"", ""meaning"": ""tonight""}]","[{""word"": ""今肉"", ""reading"": ""いまにく"", ""meaning"": ""(non-word)""}, {""word"": ""今茶"", ""reading"": ""いまちゃ"", ""meaning"": ""(non-word)""}, {""word"": ""今油"", ""reading"": ""いまゆ"", ""meaning"": ""(non-word)""}]",1,Time,now,人,𠆢 一,4
25,半,"[{""word"": ""半"", ""reading"": ""はん"", ""meaning"": ""half""}, {""word"": ""半分"", ""reading"": ""はんぶん"", ""meaning"": ""half""}, {""word"": ""半年"", ""reading"": ""はんとし"", ""meaning"": ""half year""}, {""word"": ""一時半"", ""reading"": ""いちじはん"", ""meaning"": ""1:30""}, {""word"": ""半日"", ""reading"": ""はんにち"", ""meaning"": ""half day""}]","[{""word"": ""半肉"", ""reading"": ""はんにく"", ""meaning"": ""(non-word)""}, {""word"": ""半茶"", ""reading"": ""はんちゃ"", ""meaning"": ""(non-word)""}, {""word"": ""半電"", ""reading"": ""はんでん"", ""meaning"": ""(non-word)""}]",1,Time,half; middle; odd number; semi-; part-,十,｜ 二 丷 十,5
26,間,"[{""word"": ""間"", ""reading"": ""あいだ"", ""meaning"": ""interval""}, {""word"": ""時間"", ""reading"": ""じかん"", ""meaning"": ""time""}, {""word"": ""人間"", ""reading"": ""にんげん"", ""meaning"": ""human""}, {""word"": ""週間"", ""reading"": ""しゅうかん"", ""meaning"": ""week""}, {""word"": ""間に合う"", ""reading"": ""まにあう"", ""meaning"": ""to be in time""}]","[{""word"": ""間肉"", ""reading"": ""かんにく"", ""meaning"": ""(non-word)""}, {""word"": ""間茶"", ""reading"": ""かんちゃ"", ""meaning"": ""(non-word)""}, {""word"": ""間米"", ""reading"": ""かんまい"", ""meaning"": ""(non-word)""}]",1,Time,interval; space,門,日 門,12
27,週,"[{""word"": ""週"", ""reading"": ""しゅう"", ""meaning"": ""week""}, {""word"": ""今週"", ""reading"": ""こんしゅう"", ""meaning"": ""this week""}, {""word"": ""来週"", ""reading"": ""らいしゅう"", ""meaning"": ""next week""}, {""word"": ""毎週"", ""reading"": ""まいしゅう"", ""meaning"": ""every week""}, {""word"": ""週末"", ""reading"": ""しゅうまつ"", ""meaning"": ""weekend""}, {""word"": ""先週"", ""reading"": ""せんしゅう"", ""meaning"": ""last week""}]","[{""word"": ""週肉"", ""reading"": ""しゅうにく"", ""meaning"": ""(non-word)""}, {""word"": ""週茶"", ""reading"": ""しゅうちゃ"", ""meaning"": ""(non-word)""}, {""word"": ""週水"", ""reading"": ""しゅうすい"", ""meaning"": ""(non-word)""}]",1,Time,week,辵,口 辶 土 冂,11
28,毎,"[{""word"": ""毎日"", ""reading"": ""まいにち"", ""meaning"": ""every day""}, {""word"": ""毎月"", ""reading"": ""まいつき"", ""meaning"": ""every month""}, {""word"": ""毎年"", ""reading"": ""まいとし"", ""meaning"": ""every year""}, {""word"": ""毎週"", ""reading"": ""まいしゅう"", ""meaning"": ""every week""}, {""word"": ""毎回"", ""reading"": ""まいかい"", ""meaning"": ""every time""}, {""word"": ""毎朝"", ""reading"": ""まいあさ"", ""meaning"": ""every morning""}]","[{""word"": ""毎肉"", ""reading"": ""まいにく"", ""meaning"": ""(non-word)""}, {""word"": ""毎茶"", ""reading"": ""まいちゃ"", ""meaning"": ""(non-word)""}, {""word"": ""毎電"", ""reading"": ""まいでん"", ""meaning"": ""(non-word)""}]",1,Time,every,毋,母 毋 𠂉,6
29,曜,"[{""word"": ""曜日"", ""reading"": ""ようび"", ""meaning"": ""day of week""}, {""word"": ""月曜"", ""reading"": ""げつよう"", ""meaning"": ""Monday""}, {""word"": ""火曜日"", ""reading"": ""かようび"", ""meaning"": ""Tuesday""}, {""word"": ""日曜"", ""reading"": ""にちよう"", ""meaning"": ""Sunday""}, {""word"": ""土曜日"", ""reading"": ""どようび"", ""meaning"": ""Saturday""}]","[{""word"": ""曜肉"", ""reading"": ""ようにく"", ""meaning"": ""(non-word)""}, {""word"": ""曜茶"", ""reading"": ""ようちゃ"", ""meaning"": ""(non-word)""}, {""word"": ""曜水"", ""reading"": ""ようすい"", ""meaning"": ""(non-word)""}]",1,Time,weekday,日,ヨ 日 隹,18
30,人,"[{""word"": ""人"", ""reading"": ""ひと"", ""meaning"": ""person""}, {""word"": ""一人"", ""reading"": ""ひとり"", ""meaning"": ""one person""}, {""word"": ""二人"", ""reading"": ""ふたり"", ""meaning"": ""two people""}, {""word"": ""日本人"", ""reading"": ""にほんじん"", ""meaning"": ""Japanese person""}, {""word"": ""大人"", ""reading"": ""おとな"", ""meaning"": ""adult""}, {""word"": ""人気"", ""reading"": ""にんき"", ""meaning"": ""popularity""}]","[{""word"": ""人菜"", ""reading"": ""じんさい"", ""meaning"": ""(non-word)""}, {""word"": ""人麺"", ""reading"": ""じんめん"", ""meaning"": ""(non-word)""}, {""word"": ""人駅"", ""reading"": ""じんえき"", ""meaning"": ""(non-word)""}]",1,Humans & Family,person,人,人,2
31,私,"[{""word"": ""私"", ""reading"": ""わたし"", ""meaning"": ""I/me""}, {""word"": ""私立"", ""reading"": ""しりつ"", ""meaning"": ""private (school)""}, {""word"": ""私たち"", ""reading"": ""わたしたち"", ""meaning"": ""we""}, {""word"": ""私服"", ""reading"": ""しふく"", ""meaning"": ""plain clothes""}]","[{""word"": ""私肉"", ""reading"": ""しにく"", ""meaning"": ""(non-word)""}, {""word"": ""私茶"", ""reading"": ""しちゃ"", ""meaning"": ""(non-word)""}, {""word"": ""私山"", ""reading"": ""しやま"", ""meaning"": ""(non-word)""}]",1,Humans & Family,private; I; me,禾,禾 厶,7
32,男,"[{""word"": ""男"", ""reading"": ""おとこ"", ""meaning"": ""man""}, {""word"": ""男の子"", ""reading"": ""おとこのこ"", ""meaning"": ""boy""}, {""word"": ""男性"", ""reading"": ""だんせい"", ""meaning"": ""male""}, {""word"": ""長男"", ""reading"": ""ちょうなん"", ""meaning"": ""eldest son""}, {""word"": ""男女"", ""reading"": ""だんじょ"", ""meaning"": ""men and women""}]","[{""word"": ""男肉"", ""reading"": ""だんにく"", ""meaning"": ""(non-word)""}, {""word"": ""男茶"", ""reading"": ""だんちゃ"", ""meaning"": ""(non-word)""}, {""word"": ""男水"", ""reading"": ""だんすい"", ""meaning"": ""(non-word)""}]",1,Humans & Family,male,田,田 力,7
33,女,"[{""word"": ""女"", ""reading"": ""おんな"", ""meaning"": ""woman""}, {""word"": ""女の子"", ""reading"": ""おんなのこ"", ""meaning"": ""girl""}, {""word"": ""女性"", ""reading"": ""じょせい"", ""meaning"": ""female""}, {""word"": ""彼女"", ""reading"": ""かのじょ"", ""meaning"": ""she/girlfriend""}, {""word"": ""少女"", ""reading"": ""しょうじょ"", ""meaning"": ""young girl""}]","[{""word"": ""女肉"", ""reading"": ""じょにく"", ""meaning"": ""(non-word)""}, {""word"": ""女茶"", ""reading"": ""じょちゃ"", ""meaning"": ""(non-word)""}, {""word"": ""女電"", ""reading"": ""じょでん"", ""meaning"": ""(non-word)""}]",1,Humans & Family,woman; female,女,女,3
34,子,"[{""word"": ""子"", ""reading"": ""こ"", ""meaning"": ""child""}, {""word"": ""子供"", ""reading"": ""こども"", ""meaning"": ""child""}, {""word"": ""男の子"", ""reading"": ""おとこのこ"", ""meaning"": ""boy""}, {""word"": ""女の子"", ""reading"": ""おんなのこ"", ""meaning"": ""girl""}, {""word"": ""お菓子"", ""reading"": ""おかし"", ""meaning"": ""sweets""}, {""word"": ""様子"", ""reading"": ""ようす"", ""meaning"": ""appearance""}]","[{""word"": ""子肉"", ""reading"": ""こにく"", ""meaning"": ""(non-word)""}, {""word"": ""子茶"", ""reading"": ""こちゃ"", ""meaning"": ""(non-word)""}, {""word"": ""子油"", ""reading"": ""こあぶら"", ""meaning"": ""(non-word)""}]",1,Humans & Family,child; sign of the rat; 11PM-1AM; first sign of Chinese zodiac,子,子,3
35,名,"[{""word"": ""名前"", ""reading"": ""なまえ"", ""meaning"": ""name""}, {""word"": ""有名"", ""reading"": ""ゆうめい"", ""meaning"": ""famous""}, {""word"": ""名人"", ""reading"": ""めいじん"", ""meaning"": ""master/expert""}, {""word"": ""名古屋"", ""reading"": ""なごや"", ""meaning"": ""Nagoya""}, {""word"": ""氏名"", ""reading"": ""しめい"", ""meaning"": ""full name""}]","[{""word"": ""名菜"", ""reading"": ""めいさい"", ""meaning"": ""(non-word)""}, {""word"": ""名麺"", ""reading"": ""めいめん"", ""meaning"": ""(non-word)""}, {""word"": ""名駅"", ""reading"": ""めいえき"", ""meaning"": ""(non-word)""}]",1,Humans & Family,name; noted; distinguished; reputation,口,口 夕,6
36,友,"[{""word"": ""友"", ""reading"": ""とも"", ""meaning"": ""friend""}, {""word"": ""友達"", ""reading"": ""ともだち"", ""meaning"": ""friend""}, {""word"": ""親友"", ""reading"": ""しんゆう"", ""meaning"": ""best friend""}, {""word"": ""友人"", ""reading"": ""ゆうじん"", ""meaning"": ""friend""}, {""word"": ""学友"", ""reading"": ""がくゆう"", ""meaning"": ""schoolmate""}]","[{""word"": ""友肉"", ""reading"": ""ゆうにく"", ""meaning"": ""(non-word)""}, {""word"": ""友茶"", ""reading"": ""ゆうちゃ"", ""meaning"": ""(non-word)""}, {""word"": ""友水"", ""reading"": ""ゆうすい"", ""meaning"": ""(non-word)""}]",1,Humans & Family,friend,又,ノ 一 又,4
37,父,"[{""word"": ""父"", ""reading"": ""ちち"", ""meaning"": ""father""}, {""word"": ""お父さん"", ""reading"": ""おとうさん"", ""meaning"": ""dad""}, {""word"": ""父親"", ""reading"": ""ちちおや"", ""meaning"": ""father""}, {""word"": ""祖父"", ""reading"": ""そふ"", ""meaning"": ""grandfather""}]","[{""word"": ""父肉"", ""reading"": ""ちちにく"", ""meaning"": ""(non-word)""}, {""word"": ""父茶"", ""reading"": ""ちちちゃ"", ""meaning"": ""(non-word)""}, {""word"": ""父道"", ""reading"": ""ふどう"", ""meaning"": ""(non-word)""}]",1,Humans & Family,father,父,父,4
38,母,"[{""word"": ""母"", ""reading"": ""はは"", ""meaning"": ""mother""}, {""word"": ""お母さん"", ""reading"": ""おかあさん"", ""meaning"": ""mom""}, {""word"": ""母親"", ""reading"": ""ははおや"", ""meaning"": ""mother""}, {""word"": ""祖母"", ""reading"": ""そぼ"", ""meaning"": ""grandmother""}, {""word"": ""母国"", ""reading"": ""ぼこく"", ""meaning"": ""homeland""}]","[{""word"": ""母肉"", ""reading"": ""ははにく"", ""meaning"": ""(non-word)""}, {""word"": ""母茶"", ""reading"": ""ぼちゃ"", ""meaning"": ""(non-word)""}, {""word"": ""母電"", ""reading"": ""ぼでん"", ""meaning"": ""(non-word)""}]",1,Humans & Family,mother,毋,母 毋,5
39,上,"[{""word"": ""上"", ""reading"": ""うえ"", ""meaning"": ""up/above""}, {""word"": ""上手"", ""reading"": ""じょうず"", ""meaning"": ""skillful""}, {""word"": ""上着"", ""reading"": ""うわぎ"", ""meaning"": ""jacket""}, {""word"": ""以上"", ""reading"": ""いじょう"", ""meaning"": ""more than""}, {""word"": ""上がる"", ""reading"": ""あがる"", ""meaning"": ""to rise""}]","[{""word"": ""上肉"", ""reading"": ""じょうにく"", ""meaning"": ""(non-word)""}, {""word"": ""上茶"", ""reading"": ""じょうちゃ"", ""meaning"": ""(non-word)""}, {""word"": ""上油"", ""reading"": ""じょうゆ"", ""meaning"": ""(non-word)""}]",1,Transport,above; up,一,一 卜,3
40,下,"[{""word"": ""下"", ""reading"": ""した"", ""meaning"": ""below""}, {""word"": ""下手"", ""reading"": ""へた"", ""meaning"": ""unskillful""}, {""word"": ""地下"", ""reading"": ""ちか"", ""meaning"": ""underground""}, {""word"": ""以下"", ""reading"": ""いか"", ""meaning"": ""less than""}, {""word"": ""下がる"", ""reading"": ""さがる"", ""meaning"": ""to go down""}]","[{""word"": ""下肉"", ""reading"": ""かにく"", ""meaning"": ""(non-word)""}, {""word"": ""下茶"", ""reading"": ""かちゃ"", ""meaning"": ""(non-word)""}, {""word"": ""下電"", ""reading"": ""かでん"", ""meaning"": ""(non-word)""}]",1,Transport,below; down; descend; give; low; inferior,一,｜ 一 卜,3
41,中,"[{""word"": ""中"", ""reading"": ""なか"", ""meaning"": ""inside""}, {""word"": ""中"", ""reading"": ""ちゅう"", ""meaning"": ""middle""}, {""word"": ""中学"", ""reading"": ""ちゅうがく"", ""meaning"": ""middle school""}, {""word"": ""中国"", ""reading"": ""ちゅうごく"", ""meaning"": ""China""}, {""word"": ""一日中"", ""reading"": ""いちにちじゅう"", ""meaning"": ""all day""}, {""word"": ""真ん中"", ""reading"": ""まんなか"", ""meaning"": ""center""}]","[{""word"": ""中肉"", ""reading"": ""ちゅうにく"", ""meaning"": ""(non-word)""}, {""word"": ""中茶"", ""reading"": ""ちゅうちゃ"", ""meaning"": ""(non-word)""}, {""word"": ""中油"", ""reading"": ""ちゅうゆ"", ""meaning"": ""(non-word)""}]",1,Transport,in; inside; middle; mean; center,丨,｜ 口,4
42,大,"[{""word"": ""大きい"", ""reading"": ""おおきい"", ""meaning"": ""big""}, {""word"": ""大人"", ""reading"": ""おとな"", ""meaning"": ""adult""}, {""word"": ""大学"", ""reading"": ""だいがく"", ""meaning"": ""university""}, {""word"": ""大好き"", ""reading"": ""だいすき"", ""meaning"": ""love""}, {""word"": ""大丈夫"", ""reading"": ""だいじょうぶ"", ""meaning"": ""okay""}]","[{""word"": ""大菜"", ""reading"": ""だいさい"", ""meaning"": ""(non-word)""}, {""word"": ""大麺"", ""reading"": ""だいめん"", ""meaning"": ""(non-word)""}, {""word"": ""大駅"", ""reading"": ""だいえき"", ""meaning"": ""(non-word)""}]",1,Descriptives,large; big,大,大,3
43,小,"[{""word"": ""小さい"", ""reading"": ""ちいさい"", ""meaning"": ""small""}, {""word"": ""小学校"", ""reading"": ""しょうがっこう"", ""meaning"": ""elementary""}, {""word"": ""小学生"", ""reading"": ""しょうがくせい"", ""meaning"": ""elem. student""}, {""word"": ""小川"", ""reading"": ""おがわ"", ""meaning"": ""stream""}, {""word"": ""小説"", ""reading"": ""しょうせつ"", ""meaning"": ""novel""}]","[{""word"": ""小肉"", ""reading"": ""しょうにく"", ""meaning"": ""(non-word)""}, {""word"": ""小茶"", ""reading"": ""しょうちゃ"", ""meaning"": ""(non-word)""}, {""word"": ""小電"", ""reading"": ""しょうでん"", ""meaning"": ""(non-word)""}]",1,Descriptives,little; small,小,小,3
44,国,"[{""word"": ""国"", ""reading"": ""くに"", ""meaning"": ""country""}, {""word"": ""中国"", ""reading"": ""ちゅうごく"", ""meaning"": ""China""}, {""word"": ""国"", ""reading"": ""こく"", ""meaning"": ""nation""}, {""word"": ""外国"", ""reading"": ""がいこく"", ""meaning"": ""foreign country""}, {""word"": ""国語"", ""reading"": ""こくご"", ""meaning"": ""national language""}]","[{""word"": ""国肉"", ""reading"": ""こくにく"", ""meaning"": ""(non-word)""}, {""word"": ""国茶"", ""reading"": ""こくちゃ"", ""meaning"": ""(non-word)""}, {""word"": ""国油"", ""reading"": ""こくゆ"", ""meaning"": ""(non-word)""}]",1,City,country,囗,王 囗 丶,8
45,山,"[{""word"": ""山"", ""reading"": ""やま"", ""meaning"": ""mountain""}, {""word"": ""富士山"", ""reading"": ""ふじさん"", ""meaning"": ""Mt. Fuji""}, {""word"": ""火山"", ""reading"": ""かざん"", ""meaning"": ""volcano""}, {""word"": ""山田"", ""reading"": ""やまだ"", ""meaning"": ""Yamada (name)""}, {""word"": ""登山"", ""reading"": ""とざん"", ""meaning"": ""mountain climbing""}]","[{""word"": ""山肉"", ""reading"": ""やまにく"", ""meaning"": ""(non-word)""}, {""word"": ""山電"", ""reading"": ""さんでん"", ""meaning"": ""(non-word)""}, {""word"": ""山油"", ""reading"": ""やまあぶら"", ""meaning"": ""(non-word)""}]",1,Nature,mountain,山,山,3
46,川,"[{""word"": ""川"", ""reading"": ""かわ"", ""meaning"": ""river""}, {""word"": ""小川"", ""reading"": ""おがわ"", ""meaning"": ""stream""}, {""word"": ""川口"", ""reading"": ""かわぐち"", ""meaning"": ""Kawaguchi""}, {""word"": ""河川"", ""reading"": ""かせん"", ""meaning"": ""rivers""}]","[{""word"": ""川肉"", ""reading"": ""かわにく"", ""meaning"": ""(non-word)""}, {""word"": ""川茶"", ""reading"": ""かわちゃ"", ""meaning"": ""(non-word)""}, {""word"": ""川電"", ""reading"": ""せんでん"", ""meaning"": ""(non-word)""}]",1,Nature,stream; river; river or three-stroke river radical (no. 47),巛,川,3
47,駅,"[{""word"": ""駅"", ""reading"": ""えき"", ""meaning"": ""station""}, {""word"": ""駅前"", ""reading"": ""えきまえ"", ""meaning"": ""front of station""}, {""word"": ""東京駅"", ""reading"": ""とうきょうえき"", ""meaning"": ""Tokyo Station""}, {""word"": ""駅員"", ""reading"": ""えきいん"", ""meaning"": ""station staff""}]","[{""word"": ""駅肉"", ""reading"": ""えきにく"", ""meaning"": ""(non-word)""}, {""word"": ""駅茶"", ""reading"": ""えきちゃ"", ""meaning"": ""(non-word)""}, {""word"": ""駅水"", ""reading"": ""えきすい"", ""meaning"": ""(non-word)""}]",1,Transport,station,馬,馬 尸 灬 丶,14
48,町,"[{""word"": ""町"", ""reading"": ""まち"", ""meaning"": ""town""}, {""word"": ""町長"", ""reading"": ""ちょうちょう"", ""meaning"": ""town mayor""}, {""word"": ""下町"", ""reading"": ""したまち"", ""meaning"": ""downtown""}, {""word"": ""町内"", ""reading"": ""ちょうない"", ""meaning"": ""neighborhood""}]","[{""word"": ""町肉"", ""reading"": ""まちにく"", ""meaning"": ""(non-word)""}, {""word"": ""町茶"", ""reading"": ""まちちゃ"", ""meaning"": ""(non-word)""}, {""word"": ""町油"", ""reading"": ""まちゆ"", ""meaning"": ""(non-word)""}]",1,City,town; village; block; street,田,一 田 亅,7
49,道,"[{""word"": ""道"", ""reading"": ""みち"", ""meaning"": ""road""}, {""word"": ""北海道"", ""reading"": ""ほっかいどう"", ""meaning"": ""Hokkaido""}, {""word"": ""水道"", ""reading"": ""すいどう"", ""meaning"": ""water supply""}, {""word"": ""柔道"", ""reading"": ""じゅうどう"", ""meaning"": ""judo""}, {""word"": ""道具"", ""reading"": ""どうぐ"", ""meaning"": ""tool""}]","[{""word"": ""道肉"", ""reading"": ""どうにく"", ""meaning"": ""(non-word)""}, {""word"": ""道茶"", ""reading"": ""どうちゃ"", ""meaning"": ""(non-word)""}, {""word"": ""道米"", ""reading"": ""どうまい"", ""meaning"": ""(non-word)""}]",1,City,road-way; street; district; journey; course; moral; teachings,辵,辶 自 丷 首,12
50,店,"[{""word"": ""店"", ""reading"": ""みせ"", ""meaning"": ""shop""}, {""word"": ""お店"", ""reading"": ""おみせ"", ""meaning"": ""store""}, {""word"": ""店員"", ""reading"": ""てんいん"", ""meaning"": ""clerk""}, {""word"": ""書店"", ""reading"": ""しょてん"", ""meaning"": ""bookstore""}, {""word"": ""店長"", ""reading"": ""てんちょう"", ""meaning"": ""store manager""}]","[{""word"": ""店肉"", ""reading"": ""てんにく"", ""meaning"": ""(non-word)""}, {""word"": ""店茶"", ""reading"": ""てんちゃ"", ""meaning"": ""(non-word)""}, {""word"": ""店水"", ""reading"": ""てんすい"", ""meaning"": ""(non-word)""}]",1,Shopping,store; shop,广,口 卜 广,8
51,家,"[{""word"": ""家"", ""reading"": ""いえ"", ""meaning"": ""house""}, {""word"": ""家族"", ""reading"": ""かぞく"", ""meaning"": ""family""}, {""word"": ""家"", ""reading"": ""うち"", ""meaning"": ""home""}, {""word"": ""作家"", ""reading"": ""さっか"", ""meaning"": ""author""}, {""word"": ""家具"", ""reading"": ""かぐ"", ""meaning"": ""furniture""}]","[{""word"": ""家菜"", ""reading"": ""かさい"", ""meaning"": ""(non-word)""}, {""word"": ""家麺"", ""reading"": ""かめん"", ""meaning"": ""(non-word)""}, {""word"": ""家駅"", ""reading"": ""かえき"", ""meaning"": ""(non-word)""}]",1,City,house; home; family; professional; expert; performer,宀,宀 豕,10
52,外,"[{""word"": ""外"", ""reading"": ""そと"", ""meaning"": ""outside""}, {""word"": ""外国"", ""reading"": ""がいこく"", ""meaning"": ""foreign country""}, {""word"": ""外国人"", ""reading"": ""がいこくじん"", ""meaning"": ""foreigner""}, {""word"": ""海外"", ""reading"": ""かいがい"", ""meaning"": ""overseas""}, {""word"": ""以外"", ""reading"": ""いがい"", ""meaning"": ""except""}]","[{""word"": ""外菜"", ""reading"": ""がいさい"", ""meaning"": ""(non-word)""}, {""word"": ""外麺"", ""reading"": ""がいめん"", ""meaning"": ""(non-word)""}, {""word"": ""外駅"", ""reading"": ""がいえき"", ""meaning"": ""(non-word)""}]",1,Transport,outside,夕,卜 夕,5
53,内,"[{""word"": ""内"", ""reading"": ""うち"", ""meaning"": ""inside""}, {""word"": ""案内"", ""reading"": ""あんない"", ""meaning"": ""guidance""}, {""word"": ""国内"", ""reading"": ""こくない"", ""meaning"": ""domestic""}, {""word"": ""内側"", ""reading"": ""うちがわ"", ""meaning"": ""inner side""}, {""word"": ""以内"", ""reading"": ""いない"", ""meaning"": ""within""}]","[{""word"": ""内肉"", ""reading"": ""ないにく"", ""meaning"": ""(non-word)""}, {""word"": ""内茶"", ""reading"": ""ないちゃ"", ""meaning"": ""(non-word)""}, {""word"": ""内油"", ""reading"": ""ないゆ"", ""meaning"": ""(non-word)""}]",1,Transport,inside; within; between; among; house; home,冂,人 冂,4
54,行,"[{""word"": ""行く"", ""reading"": ""いく"", ""meaning"": ""to go""}, {""word"": ""旅行"", ""reading"": ""りょこう"", ""meaning"": ""travel""}, {""word"": ""銀行"", ""reading"": ""ぎんこう"", ""meaning"": ""bank""}, {""word"": ""行う"", ""reading"": ""おこなう"", ""meaning"": ""to carry out""}, {""word"": ""行動"", ""reading"": ""こうどう"", ""meaning"": ""action""}]","[{""word"": ""行菜"", ""reading"": ""こうさい"", ""meaning"": ""(non-word)""}, {""word"": ""行麺"", ""reading"": ""こうめん"", ""meaning"": ""(non-word)""}, {""word"": ""行駅"", ""reading"": ""こうえき"", ""meaning"": ""(non-word)""}]",1,Actions,going; journey; carry out; conduct; act; line; row; bank,行,行 彳,6
55,来,"[{""word"": ""来る"", ""reading"": ""くる"", ""meaning"": ""to come""}, {""word"": ""来年"", ""reading"": ""らいねん"", ""meaning"": ""next year""}, {""word"": ""来週"", ""reading"": ""らいしゅう"", ""meaning"": ""next week""}, {""word"": ""来月"", ""reading"": ""らいげつ"", ""meaning"": ""next month""}, {""word"": ""将来"", ""reading"": ""しょうらい"", ""meaning"": ""future""}]","[{""word"": ""来肉"", ""reading"": ""らいにく"", ""meaning"": ""(non-word)""}, {""word"": ""来茶"", ""reading"": ""らいちゃ"", ""meaning"": ""(non-word)""}, {""word"": ""来油"", ""reading"": ""らいゆ"", ""meaning"": ""(non-word)""}]",1,Actions,come; due; next; cause; become,木,｜ 二 米 亠 木,7
56,見,"[{""word"": ""見る"", ""reading"": ""みる"", ""meaning"": ""to see""}, {""word"": ""見せる"", ""reading"": ""みせる"", ""meaning"": ""to show""}, {""word"": ""意見"", ""reading"": ""いけん"", ""meaning"": ""opinion""}, {""word"": ""花見"", ""reading"": ""はなみ"", ""meaning"": ""flower viewing""}, {""word"": ""発見"", ""reading"": ""はっけん"", ""meaning"": ""discovery""}]","[{""word"": ""見肉"", ""reading"": ""けんにく"", ""meaning"": ""(non-word)""}, {""word"": ""見茶"", ""reading"": ""けんちゃ"", ""meaning"": ""(non-word)""}, {""word"": ""見米"", ""reading"": ""けんまい"", ""meaning"": ""(non-word)""}]",1,Learning,see; hopes; chances; idea; opinion; look at; visible,見,見 目 儿,7
57,食,"[{""word"": ""食べる"", ""reading"": ""たべる"", ""meaning"": ""to eat""}, {""word"": ""食事"", ""reading"": ""しょくじ"", ""meaning"": ""meal""}, {""word"": ""食堂"", ""reading"": ""しょくどう"", ""meaning"": ""cafeteria""}, {""word"": ""朝食"", ""reading"": ""ちょうしょく"", ""meaning"": ""breakfast""}, {""word"": ""食品"", ""reading"": ""しょくひん"", ""meaning"": ""food product""}]","[{""word"": ""食菜"", ""reading"": ""しょくさい"", ""meaning"": ""(non-word)""}, {""word"": ""食麺"", ""reading"": ""しょくめん"", ""meaning"": ""(non-word)""}, {""word"": ""食駅"", ""reading"": ""しょくえき"", ""meaning"": ""(non-word)""}]",1,Dining,eat; food,食,食,9
58,飲,"[{""word"": ""飲む"", ""reading"": ""のむ"", ""meaning"": ""to drink""}, {""word"": ""飲み物"", ""reading"": ""のみもの"", ""meaning"": ""beverage""}, {""word"": ""飲料"", ""reading"": ""いんりょう"", ""meaning"": ""beverage""}, {""word"": ""飲食"", ""reading"": ""いんしょく"", ""meaning"": ""food and drink""}]","[{""word"": ""飲肉"", ""reading"": ""いんにく"", ""meaning"": ""(non-word)""}, {""word"": ""飲油"", ""reading"": ""いんゆ"", ""meaning"": ""(non-word)""}, {""word"": ""飲山"", ""reading"": ""いんざん"", ""meaning"": ""(non-word)""}]",1,Dining,drink; smoke; take,食,欠 食,12
59,言,"[{""word"": ""言う"", ""reading"": ""いう"", ""meaning"": ""to say""}, {""word"": ""言葉"", ""reading"": ""ことば"", ""meaning"": ""word""}, {""word"": ""方言"", ""reading"": ""ほうげん"", ""meaning"": ""dialect""}, {""word"": ""言語"", ""reading"": ""げんご"", ""meaning"": ""language""}, {""word"": ""助言"", ""reading"": ""じょげん"", ""meaning"": ""advice""}]","[{""word"": ""言肉"", ""reading"": ""げんにく"", ""meaning"": ""(non-word)""}, {""word"": ""言茶"", ""reading"": ""げんちゃ"", ""meaning"": ""(non-word)""}, {""word"": ""言水"", ""reading"": ""げんすい"", ""meaning"": ""(non-word)""}]",1,Learning,say; word,言,言,7
60,出,"[{""word"": ""出る"", ""reading"": ""でる"", ""meaning"": ""to exit""}, {""word"": ""出す"", ""reading"": ""だす"", ""meaning"": ""to take out""}, {""word"": ""出口"", ""reading"": ""でぐち"", ""meaning"": ""exit""}, {""word"": ""外出"", ""reading"": ""がいしゅつ"", ""meaning"": ""going out""}, {""word"": ""出発"", ""reading"": ""しゅっぱつ"", ""meaning"": ""departure""}]","[{""word"": ""出肉"", ""reading"": ""しゅつにく"", ""meaning"": ""(non-word)""}, {""word"": ""出茶"", ""reading"": ""しゅっちゃ"", ""meaning"": ""(non-word)""}, {""word"": ""出油"", ""reading"": ""しゅつゆ"", ""meaning"": ""(non-word)""}]",1,Actions,exit; leave; go out; come out; put out; protrude,凵,｜ 山 凵,5
61,入,"[{""word"": ""入る"", ""reading"": ""はいる"", ""meaning"": ""to enter""}, {""word"": ""入れる"", ""reading"": ""いれる"", ""meaning"": ""to put in""}, {""word"": ""入口"", ""reading"": ""いりぐち"", ""meaning"": ""entrance""}, {""word"": ""入学"", ""reading"": ""にゅうがく"", ""meaning"": ""school entrance""}, {""word"": ""輸入"", ""reading"": ""ゆにゅう"", ""meaning"": ""import""}]","[{""word"": ""入菜"", ""reading"": ""にゅうさい"", ""meaning"": ""(non-word)""}, {""word"": ""入麺"", ""reading"": ""にゅうめん"", ""meaning"": ""(non-word)""}, {""word"": ""入駅"", ""reading"": ""にゅうえき"", ""meaning"": ""(non-word)""}]",1,Actions,enter; insert,入,入,2
62,買,"[{""word"": ""買う"", ""reading"": ""かう"", ""meaning"": ""to buy""}, {""word"": ""買い物"", ""reading"": ""かいもの"", ""meaning"": ""shopping""}, {""word"": ""売買"", ""reading"": ""ばいばい"", ""meaning"": ""trading""}, {""word"": ""買い手"", ""reading"": ""かいて"", ""meaning"": ""buyer""}]","[{""word"": ""買肉"", ""reading"": ""ばいにく"", ""meaning"": ""(non-word)""}, {""word"": ""買茶"", ""reading"": ""ばいちゃ"", ""meaning"": ""(non-word)""}, {""word"": ""買米"", ""reading"": ""ばいまい"", ""meaning"": ""(non-word)""}]",1,Shopping,buy,貝,貝 目 ハ 罒,12
63,読,"[{""word"": ""読む"", ""reading"": ""よむ"", ""meaning"": ""to read""}, {""word"": ""読書"", ""reading"": ""どくしょ"", ""meaning"": ""reading""}, {""word"": ""読み方"", ""reading"": ""よみかた"", ""meaning"": ""how to read""}, {""word"": ""音読"", ""reading"": ""おんどく"", ""meaning"": ""reading aloud""}]","[{""word"": ""読肉"", ""reading"": ""どくにく"", ""meaning"": ""(non-word)""}, {""word"": ""読茶"", ""reading"": ""どくちゃ"", ""meaning"": ""(non-word)""}, {""word"": ""読水"", ""reading"": ""どくすい"", ""meaning"": ""(non-word)""}]",1,Learning,read,言,言 士 儿 冖,14
64,書,"[{""word"": ""書く"", ""reading"": ""かく"", ""meaning"": ""to write""}, {""word"": ""辞書"", ""reading"": ""じしょ"", ""meaning"": ""dictionary""}, {""word"": ""図書館"", ""reading"": ""としょかん"", ""meaning"": ""library""}, {""word"": ""書道"", ""reading"": ""しょどう"", ""meaning"": ""calligraphy""}, {""word"": ""教科書"", ""reading"": ""きょうかしょ"", ""meaning"": ""textbook""}]","[{""word"": ""書肉"", ""reading"": ""しょにく"", ""meaning"": ""(non-word)""}, {""word"": ""書茶"", ""reading"": ""しょちゃ"", ""meaning"": ""(non-word)""}, {""word"": ""書油"", ""reading"": ""しょゆ"", ""meaning"": ""(non-word)""}]",1,Learning,write,曰,日 聿,10
65,聞,"[{""word"": ""聞く"", ""reading"": ""きく"", ""meaning"": ""to hear""}, {""word"": ""新聞"", ""reading"": ""しんぶん"", ""meaning"": ""newspaper""}, {""word"": ""聞こえる"", ""reading"": ""きこえる"", ""meaning"": ""to be audible""}]","[{""word"": ""聞肉"", ""reading"": ""ぶんにく"", ""meaning"": ""(non-word)""}, {""word"": ""聞茶"", ""reading"": ""ぶんちゃ"", ""meaning"": ""(non-word)""}, {""word"": ""聞水"", ""reading"": ""ぶんすい"", ""meaning"": ""(non-word)""}]",1,Learning,hear; ask; listen,耳,耳 門,14
66,話,"[{""word"": ""話す"", ""reading"": ""はなす"", ""meaning"": ""to speak""}, {""word"": ""話"", ""reading"": ""はなし"", ""meaning"": ""story""}, {""word"": ""電話"", ""reading"": ""でんわ"", ""meaning"": ""telephone""}, {""word"": ""会話"", ""reading"": ""かいわ"", ""meaning"": ""conversation""}, {""word"": ""世話"", ""reading"": ""せわ"", ""meaning"": ""care""}]","[{""word"": ""話肉"", ""reading"": ""わにく"", ""meaning"": ""(non-word)""}, {""word"": ""話茶"", ""reading"": ""わちゃ"", ""meaning"": ""(non-word)""}, {""word"": ""話米"", ""reading"": ""わまい"", ""meaning"": ""(non-word)""}]",1,Learning,tale; talk,言,言 口 舌,13
67,立,"[{""word"": ""立つ"", ""reading"": ""たつ"", ""meaning"": ""to stand""}, {""word"": ""立てる"", ""reading"": ""たてる"", ""meaning"": ""to set up""}, {""word"": ""国立"", ""reading"": ""こくりつ"", ""meaning"": ""national""}, {""word"": ""私立"", ""reading"": ""しりつ"", ""meaning"": ""private""}, {""word"": ""独立"", ""reading"": ""どくりつ"", ""meaning"": ""independence""}]","[{""word"": ""立肉"", ""reading"": ""りつにく"", ""meaning"": ""(non-word)""}, {""word"": ""立茶"", ""reading"": ""りっちゃ"", ""meaning"": ""(non-word)""}, {""word"": ""立油"", ""reading"": ""りつゆ"", ""meaning"": ""(non-word)""}]",1,Actions,stand up; rise; set up; erect,立,立,5
68,待,"[{""word"": ""待つ"", ""reading"": ""まつ"", ""meaning"": ""to wait""}, {""word"": ""待合室"", ""reading"": ""まちあいしつ"", ""meaning"": ""waiting room""}, {""word"": ""期待"", ""reading"": ""きたい"", ""meaning"": ""expectation""}, {""word"": ""待ち合わせ"", ""reading"": ""まちあわせ"", ""meaning"": ""meeting up""}]","[{""word"": ""待肉"", ""reading"": ""たいにく"", ""meaning"": ""(non-word)""}, {""word"": ""待茶"", ""reading"": ""たいちゃ"", ""meaning"": ""(non-word)""}, {""word"": ""待水"", ""reading"": ""たいすい"", ""meaning"": ""(non-word)""}]",1,Actions,wait; depend on,彳,寸 土 彳,9
69,高,"[{""word"": ""高い"", ""reading"": ""たかい"", ""meaning"": ""tall/expensive""}, {""word"": ""高校"", ""reading"": ""こうこう"", ""meaning"": ""high school""}, {""word"": ""最高"", ""reading"": ""さいこう"", ""meaning"": ""the best""}, {""word"": ""高速"", ""reading"": ""こうそく"", ""meaning"": ""high speed""}, {""word"": ""高校生"", ""reading"": ""こうこうせい"", ""meaning"": ""high schooler""}]","[{""word"": ""高肉"", ""reading"": ""こうにく"", ""meaning"": ""(non-word)""}, {""word"": ""高茶"", ""reading"": ""こうちゃ"", ""meaning"": ""(non-word)""}, {""word"": ""高油"", ""reading"": ""こうゆ"", ""meaning"": ""(non-word)""}]",1,Shopping,tall; high; expensive,高,口 高 亠 冂,10
70,新,"[{""word"": ""新しい"", ""reading"": ""あたらしい"", ""meaning"": ""new""}, {""word"": ""新聞"", ""reading"": ""しんぶん"", ""meaning"": ""newspaper""}, {""word"": ""新幹線"", ""reading"": ""しんかんせん"", ""meaning"": ""bullet train""}, {""word"": ""新年"", ""reading"": ""しんねん"", ""meaning"": ""new year""}, {""word"": ""最新"", ""reading"": ""さいしん"", ""meaning"": ""latest""}]","[{""word"": ""新菜"", ""reading"": ""しんさい"", ""meaning"": ""(non-word)""}, {""word"": ""新麺"", ""reading"": ""しんめん"", ""meaning"": ""(non-word)""}, {""word"": ""新駅"", ""reading"": ""しんえき"", ""meaning"": ""(non-word)""}]",1,Descriptives,new,斤,斤 辛 丷 木 立 亠,13
71,本,"[{""word"": ""本"", ""reading"": ""ほん"", ""meaning"": ""book""}, {""word"": ""日本"", ""reading"": ""にほん"", ""meaning"": ""Japan""}, {""word"": ""本当"", ""reading"": ""ほんとう"", ""meaning"": ""truth""}, {""word"": ""本屋"", ""reading"": ""ほんや"", ""meaning"": ""bookstore""}, {""word"": ""一本"", ""reading"": ""いっぽん"", ""meaning"": ""one (long obj)""}]","[{""word"": ""本肉"", ""reading"": ""ほんにく"", ""meaning"": ""(non-word)""}, {""word"": ""本茶"", ""reading"": ""ほんちゃ"", ""meaning"": ""(non-word)""}, {""word"": ""本油"", ""reading"": ""ほんゆ"", ""meaning"": ""(non-word)""}]",1,Learning,book; present; main; origin; true; real; counter for long cylindrical things,木,一 木,5
72,円,"[{""word"": ""円"", ""reading"": ""えん"", ""meaning"": ""yen/circle""}, {""word"": ""百円"", ""reading"": ""ひゃくえん"", ""meaning"": ""100 yen""}, {""word"": ""千円"", ""reading"": ""せんえん"", ""meaning"": ""1000 yen""}, {""word"": ""円い"", ""reading"": ""まるい"", ""meaning"": ""round""}]","[{""word"": ""円肉"", ""reading"": ""えんにく"", ""meaning"": ""(non-word)""}, {""word"": ""円茶"", ""reading"": ""えんちゃ"", ""meaning"": ""(non-word)""}, {""word"": ""円水"", ""reading"": ""えんすい"", ""meaning"": ""(non-word)""}]",1,Shopping,circle; yen; round,冂,冂 亠 一 ｜,4
73,何,"[{""word"": ""何"", ""reading"": ""なに"", ""meaning"": ""what""}, {""word"": ""何時"", ""reading"": ""なんじ"", ""meaning"": ""what time""}, {""word"": ""何人"", ""reading"": ""なんにん"", ""meaning"": ""how many people""}, {""word"": ""何曜日"", ""reading"": ""なんようび"", ""meaning"": ""what day""}, {""word"": ""何個"", ""reading"": ""なんこ"", ""meaning"": ""how many""}]","[{""word"": ""何肉"", ""reading"": ""なにく"", ""meaning"": ""(non-word)""}, {""word"": ""何茶"", ""reading"": ""なちゃ"", ""meaning"": ""(non-word)""}, {""word"": ""何油"", ""reading"": ""なゆ"", ""meaning"": ""(non-word)""}]",1,Function Words,what,人,亻 口 亅 一,7
74,安,"[{""word"": ""安い"", ""reading"": ""やすい"", ""meaning"": ""cheap""}, {""word"": ""安心"", ""reading"": ""あんしん"", ""meaning"": ""relief""}, {""word"": ""安全"", ""reading"": ""あんぜん"", ""meaning"": ""safety""}, {""word"": ""不安"", ""reading"": ""ふあん"", ""meaning"": ""anxiety""}]","[{""word"": ""安肉"", ""reading"": ""あんにく"", ""meaning"": ""(non-word)""}, {""word"": ""安茶"", ""reading"": ""あんちゃ"", ""meaning"": ""(non-word)""}, {""word"": ""安水"", ""reading"": ""あんすい"", ""meaning"": ""(non-word)""}]",1,Shopping,relax; cheap; low; quiet; rested; contented; peaceful,宀,女 宀,6
75,多,"[{""word"": ""多い"", ""reading"": ""おおい"", ""meaning"": ""many""}, {""word"": ""多分"", ""reading"": ""たぶん"", ""meaning"": ""probably""}, {""word"": ""多数"", ""reading"": ""たすう"", ""meaning"": ""majority""}, {""word"": ""多忙"", ""reading"": ""たぼう"", ""meaning"": ""very busy""}]","[{""word"": ""多菜"", ""reading"": ""たさい"", ""meaning"": ""(non-word)""}, {""word"": ""多麺"", ""reading"": ""ためん"", ""meaning"": ""(non-word)""}, {""word"": ""多駅"", ""reading"": ""たえき"", ""meaning"": ""(non-word)""}]",1,Descriptives,many; frequent; much,夕,夕,6
76,少,"[{""word"": ""少ない"", ""reading"": ""すくない"", ""meaning"": ""few""}, {""word"": ""少し"", ""reading"": ""すこし"", ""meaning"": ""a little""}, {""word"": ""少年"", ""reading"": ""しょうねん"", ""meaning"": ""boy""}, {""word"": ""少女"", ""reading"": ""しょうじょ"", ""meaning"": ""girl""}, {""word"": ""多少"", ""reading"": ""たしょう"", ""meaning"": ""more or less""}]","[{""word"": ""少肉"", ""reading"": ""しょうにく"", ""meaning"": ""(non-word)""}, {""word"": ""少茶"", ""reading"": ""しょうちゃ"", ""meaning"": ""(non-word)""}, {""word"": ""少水"", ""reading"": ""しょうすい"", ""meaning"": ""(non-word)""}]",1,Descriptives,few; little,小,ノ 小,4
77,長,"[{""word"": ""長い"", ""reading"": ""ながい"", ""meaning"": ""long""}, {""word"": ""社長"", ""reading"": ""しゃちょう"", ""meaning"": ""company president""}, {""word"": ""長男"", ""reading"": ""ちょうなん"", ""meaning"": ""eldest son""}, {""word"": ""校長"", ""reading"": ""こうちょう"", ""meaning"": ""principal""}, {""word"": ""成長"", ""reading"": ""せいちょう"", ""meaning"": ""growth""}]","[{""word"": ""長肉"", ""reading"": ""ちょうにく"", ""meaning"": ""(non-word)""}, {""word"": ""長茶"", ""reading"": ""ちょうちゃ"", ""meaning"": ""(non-word)""}, {""word"": ""長油"", ""reading"": ""ちょうゆ"", ""meaning"": ""(non-word)""}]",1,Descriptives,long; leader; superior; senior,長,長,8
78,好,"[{""word"": ""好き"", ""reading"": ""すき"", ""meaning"": ""like""}, {""word"": ""大好き"", ""reading"": ""だいすき"", ""meaning"": ""love""}, {""word"": ""好む"", ""reading"": ""このむ"", ""meaning"": ""to prefer""}, {""word"": ""好物"", ""reading"": ""こうぶつ"", ""meaning"": ""favorite food""}, {""word"": ""友好"", ""reading"": ""ゆうこう"", ""meaning"": ""friendship""}]","[{""word"": ""好肉"", ""reading"": ""こうにく"", ""meaning"": ""(non-word)""}, {""word"": ""好茶"", ""reading"": ""こうちゃ"", ""meaning"": ""(non-word)""}, {""word"": ""好水"", ""reading"": ""こうすい"", ""meaning"": ""(non-word)""}]",1,Descriptives,fond; pleasing; like something,女,子 女,6
79,米,"[{""word"": ""米"", ""reading"": ""こめ"", ""meaning"": ""rice""}, {""word"": ""お米"", ""reading"": ""おこめ"", ""meaning"": ""rice""}, {""word"": ""米国"", ""reading"": ""べいこく"", ""meaning"": ""USA""}, {""word"": ""新米"", ""reading"": ""しんまい"", ""meaning"": ""new rice/rookie""}, {""word"": ""玄米"", ""reading"": ""げんまい"", ""meaning"": ""brown rice""}]","[{""word"": ""米肉"", ""reading"": ""べいにく"", ""meaning"": ""(non-word)""}, {""word"": ""米茶"", ""reading"": ""まいちゃ"", ""meaning"": ""(non-word)""}, {""word"": ""米道"", ""reading"": ""べいどう"", ""meaning"": ""(non-word)""}]",1,Dining,rice; USA; metre,米,米,6
80,肉,"[{""word"": ""肉"", ""reading"": ""にく"", ""meaning"": ""meat""}, {""word"": ""牛肉"", ""reading"": ""ぎゅうにく"", ""meaning"": ""beef""}, {""word"": ""肉屋"", ""reading"": ""にくや"", ""meaning"": ""butcher""}, {""word"": ""焼肉"", ""reading"": ""やきにく"", ""meaning"": ""grilled meat""}, {""word"": ""鶏肉"", ""reading"": ""とりにく"", ""meaning"": ""chicken""}]","[{""word"": ""肉茶"", ""reading"": ""にくちゃ"", ""meaning"": ""(non-word)""}, {""word"": ""肉水"", ""reading"": ""にくすい"", ""meaning"": ""(non-word)""}, {""word"": ""肉道"", ""reading"": ""にくどう"", ""meaning"": ""(non-word)""}]",1,Dining,meat,肉,肉 冂 人,6
81,魚,"[{""word"": ""魚"", ""reading"": ""さかな"", ""meaning"": ""fish""}, {""word"": ""金魚"", ""reading"": ""きんぎょ"", ""meaning"": ""goldfish""}, {""word"": ""魚屋"", ""reading"": ""さかなや"", ""meaning"": ""fish shop""}, {""word"": ""人魚"", ""reading"": ""にんぎょ"", ""meaning"": ""mermaid""}]","[{""word"": ""魚菜"", ""reading"": ""ぎょさい"", ""meaning"": ""(non-word)""}, {""word"": ""魚麺"", ""reading"": ""ぎょめん"", ""meaning"": ""(non-word)""}, {""word"": ""魚駅"", ""reading"": ""ぎょえき"", ""meaning"": ""(non-word)""}]",1,Nature,fish,魚,魚 田 灬,11
82,茶,"[{""word"": ""茶"", ""reading"": ""ちゃ"", ""meaning"": ""tea""}, {""word"": ""お茶"", ""reading"": ""おちゃ"", ""meaning"": ""tea""}, {""word"": ""緑茶"", ""reading"": ""りょくちゃ"", ""meaning"": ""green tea""}, {""word"": ""紅茶"", ""reading"": ""こうちゃ"", ""meaning"": ""black tea""}, {""word"": ""喫茶店"", ""reading"": ""きっさてん"", ""meaning"": ""cafe""}]","[{""word"": ""茶肉"", ""reading"": ""ちゃにく"", ""meaning"": ""(non-word)""}, {""word"": ""茶米"", ""reading"": ""ちゃまい"", ""meaning"": ""(non-word)""}, {""word"": ""茶電"", ""reading"": ""ちゃでん"", ""meaning"": ""(non-word)""}]",1,Dining,tea,艸,𠆢 艹 木,9
83,酒,"[{""word"": ""酒"", ""reading"": ""さけ"", ""meaning"": ""alcohol""}, {""word"": ""お酒"", ""reading"": ""おさけ"", ""meaning"": ""alcohol""}, {""word"": ""日本酒"", ""reading"": ""にほんしゅ"", ""meaning"": ""sake""}, {""word"": ""居酒屋"", ""reading"": ""いざかや"", ""meaning"": ""izakaya""}, {""word"": ""酒屋"", ""reading"": ""さかや"", ""meaning"": ""liquor store""}]","[{""word"": ""酒菜"", ""reading"": ""しゅさい"", ""meaning"": ""(non-word)""}, {""word"": ""酒麺"", ""reading"": ""しゅめん"", ""meaning"": ""(non-word)""}, {""word"": ""酒駅"", ""reading"": ""しゅえき"", ""meaning"": ""(non-word)""}]",1,Dining,sake; alcohol,酉,氵 酉,10
84,卵,"[{""word"": ""卵"", ""reading"": ""たまご"", ""meaning"": ""egg""}, {""word"": ""生卵"", ""reading"": ""なまたまご"", ""meaning"": ""raw egg""}, {""word"": ""卵焼き"", ""reading"": ""たまごやき"", ""meaning"": ""rolled omelet""}, {""word"": ""ゆで卵"", ""reading"": ""ゆでたまご"", ""meaning"": ""boiled egg""}]","[{""word"": ""卵肉"", ""reading"": ""らんにく"", ""meaning"": ""(non-word)""}, {""word"": ""卵茶"", ""reading"": ""らんちゃ"", ""meaning"": ""(non-word)""}, {""word"": ""卵水"", ""reading"": ""らんすい"", ""meaning"": ""(non-word)""}]",1,Dining,egg; ovum; spawn; roe,卩,ノ 卜 丶 卩,7
85,野,"[{""word"": ""野菜"", ""reading"": ""やさい"", ""meaning"": ""vegetable""}, {""word"": ""野球"", ""reading"": ""やきゅう"", ""meaning"": ""baseball""}, {""word"": ""野原"", ""reading"": ""のはら"", ""meaning"": ""field""}, {""word"": ""分野"", ""reading"": ""ぶんや"", ""meaning"": ""field/area""}, {""word"": ""長野"", ""reading"": ""ながの"", ""meaning"": ""Nagano""}]","[{""word"": ""野肉"", ""reading"": ""やにく"", ""meaning"": ""(non-word)""}, {""word"": ""野茶"", ""reading"": ""やちゃ"", ""meaning"": ""(non-word)""}, {""word"": ""野水"", ""reading"": ""やすい"", ""meaning"": ""(non-word)""}]",1,Dining,plains; field; rustic; civilian life,里,矛 里 亅,11
86,菜,"[{""word"": ""野菜"", ""reading"": ""やさい"", ""meaning"": ""vegetable""}, {""word"": ""菜"", ""reading"": ""な"", ""meaning"": ""greens""}, {""word"": ""白菜"", ""reading"": ""はくさい"", ""meaning"": ""Chinese cabbage""}, {""word"": ""菜食"", ""reading"": ""さいしょく"", ""meaning"": ""vegetarianism""}]","[{""word"": ""菜肉"", ""reading"": ""さいにく"", ""meaning"": ""(non-word)""}, {""word"": ""菜茶"", ""reading"": ""さいちゃ"", ""meaning"": ""(non-word)""}, {""word"": ""菜電"", ""reading"": ""さいでん"", ""meaning"": ""(non-word)""}]",1,Dining,vegetable; side dish; greens,艸,爪 木 艹,11
87,果,"[{""word"": ""果物"", ""reading"": ""くだもの"", ""meaning"": ""fruit""}, {""word"": ""結果"", ""reading"": ""けっか"", ""meaning"": ""result""}, {""word"": ""効果"", ""reading"": ""こうか"", ""meaning"": ""effect""}, {""word"": ""果汁"", ""reading"": ""かじゅう"", ""meaning"": ""fruit juice""}]","[{""word"": ""果菜"", ""reading"": ""かさい"", ""meaning"": ""(non-word)""}, {""word"": ""果麺"", ""reading"": ""かめん"", ""meaning"": ""(non-word)""}, {""word"": ""果駅"", ""reading"": ""かえき"", ""meaning"": ""(non-word)""}]",1,Dining,fruit; reward; carry out; achieve; complete; end; finish; succeed,木,｜ 田 木,8
88,物,"[{""word"": ""物"", ""reading"": ""もの"", ""meaning"": ""thing""}, {""word"": ""食べ物"", ""reading"": ""たべもの"", ""meaning"": ""food""}, {""word"": ""買い物"", ""reading"": ""かいもの"", ""meaning"": ""shopping""}, {""word"": ""動物"", ""reading"": ""どうぶつ"", ""meaning"": ""animal""}, {""word"": ""荷物"", ""reading"": ""にもつ"", ""meaning"": ""luggage""}]","[{""word"": ""物肉"", ""reading"": ""ぶつにく"", ""meaning"": ""(non-word)""}, {""word"": ""物茶"", ""reading"": ""ぶっちゃ"", ""meaning"": ""(non-word)""}, {""word"": ""物水"", ""reading"": ""ぶっすい"", ""meaning"": ""(non-word)""}]",1,Function Words,thing; object; matter,牛,勿 牛 勹 ノ,8
89,飯,"[{""word"": ""ご飯"", ""reading"": ""ごはん"", ""meaning"": ""rice/meal""}, {""word"": ""飯"", ""reading"": ""めし"", ""meaning"": ""meal""}, {""word"": ""朝ご飯"", ""reading"": ""あさごはん"", ""meaning"": ""breakfast""}, {""word"": ""夕飯"", ""reading"": ""ゆうはん"", ""meaning"": ""dinner""}, {""word"": ""昼飯"", ""reading"": ""ひるめし"", ""meaning"": ""lunch""}]","[{""word"": ""飯肉"", ""reading"": ""はんにく"", ""meaning"": ""(non-word)""}, {""word"": ""飯茶"", ""reading"": ""はんちゃ"", ""meaning"": ""(non-word)""}, {""word"": ""飯油"", ""reading"": ""はんゆ"", ""meaning"": ""(non-word)""}]",1,Dining,meal; boiled rice,食,食 又 厂,12
90,麺,"[{""word"": ""麺"", ""reading"": ""めん"", ""meaning"": ""noodles""}, {""word"": ""麺類"", ""reading"": ""めんるい"", ""meaning"": ""noodle dishes""}, {""word"": ""冷麺"", ""reading"": ""れいめん"", ""meaning"": ""cold noodles""}]","[{""word"": ""麺肉"", ""reading"": ""めんにく"", ""meaning"": ""(non-word)""}, {""word"": ""麺茶"", ""reading"": ""めんちゃ"", ""meaning"": ""(non-word)""}, {""word"": ""麺水"", ""reading"": ""めんすい"", ""meaning"": ""(non-word)""}]",1,Dining,noodles; wheat flour,麥,麦 面 夂 土 亠 二,16
91,油,"[{""word"": ""油"", ""reading"": ""あぶら"", ""meaning"": ""oil""}, {""word"": ""醤油"", ""reading"": ""しょうゆ"", ""meaning"": ""soy sauce""}, {""word"": ""石油"", ""reading"": ""せきゆ"", ""meaning"": ""petroleum""}, {""word"": ""油田"", ""reading"": ""ゆでん"", ""meaning"": ""oil field""}]","[{""word"": ""油肉"", ""reading"": ""ゆにく"", ""meaning"": ""(non-word)""}, {""word"": ""油茶"", ""reading"": ""ゆちゃ"", ""meaning"": ""(non-word)""}, {""word"": ""油道"", ""reading"": ""ゆどう"", ""meaning"": ""(non-word)""}]",1,Dining,oil; fat,水,｜ 氵 日 田,8
92,塩,"[{""word"": ""塩"", ""reading"": ""しお"", ""meaning"": ""salt""}, {""word"": ""塩水"", ""reading"": ""しおみず"", ""meaning"": ""salt water""}, {""word"": ""食塩"", ""reading"": ""しょくえん"", ""meaning"": ""table salt""}, {""word"": ""塩分"", ""reading"": ""えんぶん"", ""meaning"": ""salt content""}]","[{""word"": ""塩肉"", ""reading"": ""えんにく"", ""meaning"": ""(non-word)""}, {""word"": ""塩茶"", ""reading"": ""しおちゃ"", ""meaning"": ""(non-word)""}, {""word"": ""塩道"", ""reading"": ""えんどう"", ""meaning"": ""(non-word)""}]",1,Dining,salt,土,口 皿 土 ノ 一 人 𠂉,13
93,糖,"[{""word"": ""砂糖"", ""reading"": ""さとう"", ""meaning"": ""sugar""}, {""word"": ""糖分"", ""reading"": ""とうぶん"", ""meaning"": ""sugar content""}, {""word"": ""血糖"", ""reading"": ""けっとう"", ""meaning"": ""blood sugar""}, {""word"": ""果糖"", ""reading"": ""かとう"", ""meaning"": ""fructose""}]","[{""word"": ""糖肉"", ""reading"": ""とうにく"", ""meaning"": ""(non-word)""}, {""word"": ""糖茶"", ""reading"": ""とうちゃ"", ""meaning"": ""(non-word)""}, {""word"": ""糖水"", ""reading"": ""とうすい"", ""meaning"": ""(non-word)""}]",1,Dining,sugar,米,口 米 广,16
94,車,"[{""word"": ""車"", ""reading"": ""くるま"", ""meaning"": ""car""}, {""word"": ""電車"", ""reading"": ""でんしゃ"", ""meaning"": ""train""}, {""word"": ""自動車"", ""reading"": ""じどうしゃ"", ""meaning"": ""automobile""}, {""word"": ""自転車"", ""reading"": ""じてんしゃ"", ""meaning"": ""bicycle""}, {""word"": ""駐車場"", ""reading"": ""ちゅうしゃじょう"", ""meaning"": ""parking lot""}]","[{""word"": ""車肉"", ""reading"": ""しゃにく"", ""meaning"": ""(non-word)""}, {""word"": ""車茶"", ""reading"": ""しゃちゃ"", ""meaning"": ""(non-word)""}, {""word"": ""車油"", ""reading"": ""しゃゆ"", ""meaning"": ""(non-word)""}]",1,Transport,car,車,車,7
95,電,"[{""word"": ""電車"", ""reading"": ""でんしゃ"", ""meaning"": ""train""}, {""word"": ""電気"", ""reading"": ""でんき"", ""meaning"": ""electricity""}, {""word"": ""電話"", ""reading"": ""でんわ"", ""meaning"": ""telephone""}, {""word"": ""電池"", ""reading"": ""でんち"", ""meaning"": ""battery""}, {""word"": ""停電"", ""reading"": ""ていでん"", ""meaning"": ""power outage""}]","[{""word"": ""電肉"", ""reading"": ""でんにく"", ""meaning"": ""(non-word)""}, {""word"": ""電茶"", ""reading"": ""でんちゃ"", ""meaning"": ""(non-word)""}, {""word"": ""電米"", ""reading"": ""でんまい"", ""meaning"": ""(non-word)""}]",1,Transport,electricity,雨,雨 田 乙,13
96,学,"[{""word"": ""学校"", ""reading"": ""がっこう"", ""meaning"": ""school""}, {""word"": ""学生"", ""reading"": ""がくせい"", ""meaning"": ""student""}, {""word"": ""大学"", ""reading"": ""だいがく"", ""meaning"": ""university""}, {""word"": ""学ぶ"", ""reading"": ""まなぶ"", ""meaning"": ""to learn""}, {""word"": ""数学"", ""reading"": ""すうがく"", ""meaning"": ""math""}]","[{""word"": ""学肉"", ""reading"": ""がくにく"", ""meaning"": ""(non-word)""}, {""word"": ""学茶"", ""reading"": ""がくちゃ"", ""meaning"": ""(non-word)""}, {""word"": ""学油"", ""reading"": ""がくゆ"", ""meaning"": ""(non-word)""}]",1,Learning,study; learning; science,子,子 ⺌ 冖,8
97,校,"[{""word"": ""学校"", ""reading"": ""がっこう"", ""meaning"": ""school""}, {""word"": ""高校"", ""reading"": ""こうこう"", ""meaning"": ""high school""}, {""word"": ""校長"", ""reading"": ""こうちょう"", ""meaning"": ""principal""}, {""word"": ""校門"", ""reading"": ""こうもん"", ""meaning"": ""school gate""}, {""word"": ""母校"", ""reading"": ""ぼこう"", ""meaning"": ""alma mater""}]","[{""word"": ""校肉"", ""reading"": ""こうにく"", ""meaning"": ""(non-word)""}, {""word"": ""校茶"", ""reading"": ""こうちゃ"", ""meaning"": ""(non-word)""}, {""word"": ""校水"", ""reading"": ""こうすい"", ""meaning"": ""(non-word)""}]",1,City,exam; school; printing; proof; correction,木,父 木 亠,10
98,生,"[{""word"": ""生まれる"", ""reading"": ""うまれる"", ""meaning"": ""to be born""}, {""word"": ""学生"", ""reading"": ""がくせい"", ""meaning"": ""student""}, {""word"": ""先生"", ""reading"": ""せんせい"", ""meaning"": ""teacher""}, {""word"": ""生活"", ""reading"": ""せいかつ"", ""meaning"": ""life""}, {""word"": ""一生"", ""reading"": ""いっしょう"", ""meaning"": ""whole life""}]","[{""word"": ""生菜"", ""reading"": ""せいさい"", ""meaning"": ""(non-word)""}, {""word"": ""生麺"", ""reading"": ""せいめん"", ""meaning"": ""(non-word)""}, {""word"": ""生駅"", ""reading"": ""せいえき"", ""meaning"": ""(non-word)""}]",1,Humans & Family,life; genuine; birth,生,生,5
99,白,"[{""word"": ""白い"", ""reading"": ""しろい"", ""meaning"": ""white""}, {""word"": ""白"", ""reading"": ""しろ"", ""meaning"": ""white""}, {""word"": ""面白い"", ""reading"": ""おもしろい"", ""meaning"": ""interesting""}, {""word"": ""白紙"", ""reading"": ""はくし"", ""meaning"": ""blank paper""}, {""word"": ""白菜"", ""reading"": ""はくさい"", ""meaning"": ""Chinese cabbage""}]","[{""word"": ""白肉"", ""reading"": ""はくにく"", ""meaning"": ""(non-word)""}, {""word"": ""白茶"", ""reading"": ""しらちゃ"", ""meaning"": ""(non-word)""}, {""word"": ""白油"", ""reading"": ""はくゆ"", ""meaning"": ""(non-word)""}]",1,Descriptives,white,白,白,5
100,手,"[{""word"": ""手"", ""reading"": ""て"", ""meaning"": ""hand""}, {""word"": ""上手"", ""reading"": ""じょうず"", ""meaning"": ""skillful""}, {""word"": ""下手"", ""reading"": ""へた"", ""meaning"": ""unskillful""}, {""word"": ""手紙"", ""reading"": ""てがみ"", ""meaning"": ""letter""}, {""word"": ""切手"", ""reading"": ""きって"", ""meaning"": ""stamp""}]","[{""word"": ""手肉"", ""reading"": ""しゅにく"", ""meaning"": ""(non-word)""}, {""word"": ""手茶"", ""reading"": ""しゅちゃ"", ""meaning"": ""(non-word)""}, {""word"": ""手米"", ""reading"": ""てまい"", ""meaning"": ""(non-word)""}]",1,Humans & Family,hand,手,手,4
101,美,"[{""word"": ""美しい"", ""reading"": ""うつくしい"", ""meaning"": ""beautiful""}, {""word"": ""美味しい"", ""reading"": ""おいしい"", ""meaning"": ""delicious""}, {""word"": ""美人"", ""reading"": ""びじん"", ""meaning"": ""beautiful person""}, {""word"": ""美術"", ""reading"": ""びじゅつ"", ""meaning"": ""art""}, {""word"": ""美容"", ""reading"": ""びよう"", ""meaning"": ""beauty care""}]","[{""word"": ""美麺"", ""reading"": ""びめん"", ""meaning"": ""(non-word)""}, {""word"": ""美駅"", ""reading"": ""びえき"", ""meaning"": ""(non-word)""}, {""word"": ""美糖"", ""reading"": ""びとう"", ""meaning"": ""(non-word)""}]",2,Dining,beauty; beautiful,羊,王 大 丷 羊,9
102,牛,"[{""word"": ""牛"", ""reading"": ""うし"", ""meaning"": ""cow""}, {""word"": ""牛肉"", ""reading"": ""ぎゅうにく"", ""meaning"": ""beef""}, {""word"": ""牛乳"", ""reading"": ""ぎゅうにゅう"", ""meaning"": ""milk""}, {""word"": ""子牛"", ""reading"": ""こうし"", ""meaning"": ""calf""}]","[{""word"": ""牛茶"", ""reading"": ""ぎゅうちゃ"", ""meaning"": ""(non-word)""}, {""word"": ""牛駅"", ""reading"": ""ぎゅうえき"", ""meaning"": ""(non-word)""}, {""word"": ""牛糖"", ""reading"": ""ぎゅうとう"", ""meaning"": ""(non-word)""}]",2,Nature,cow,牛,牛,4
103,鳥,"[{""word"": ""鳥"", ""reading"": ""とり"", ""meaning"": ""bird""}, {""word"": ""焼き鳥"", ""reading"": ""やきとり"", ""meaning"": ""grilled chicken""}, {""word"": ""小鳥"", ""reading"": ""ことり"", ""meaning"": ""small bird""}, {""word"": ""白鳥"", ""reading"": ""はくちょう"", ""meaning"": ""swan""}]","[{""word"": ""鳥茶"", ""reading"": ""とりちゃ"", ""meaning"": ""(non-word)""}, {""word"": ""鳥駅"", ""reading"": ""とりえき"", ""meaning"": ""(non-word)""}, {""word"": ""鳥糖"", ""reading"": ""とりとう"", ""meaning"": ""(non-word)""}]",2,Nature,bird; chicken,鳥,鳥 灬,11
104,味,"[{""word"": ""味"", ""reading"": ""あじ"", ""meaning"": ""taste""}, {""word"": ""意味"", ""reading"": ""いみ"", ""meaning"": ""meaning""}, {""word"": ""味方"", ""reading"": ""みかた"", ""meaning"": ""ally""}, {""word"": ""美味しい"", ""reading"": ""おいしい"", ""meaning"": ""delicious""}, {""word"": ""味見"", ""reading"": ""あじみ"", ""meaning"": ""tasting""}]","[{""word"": ""味駅"", ""reading"": ""みえき"", ""meaning"": ""(non-word)""}, {""word"": ""味麺"", ""reading"": ""みめん"", ""meaning"": ""(non-word)""}, {""word"": ""味糖"", ""reading"": ""みとう"", ""meaning"": ""(non-word)""}]",2,Dining,flavor; taste,口,｜ 口 二 ハ 木 亠,8
105,甘,"[{""word"": ""甘い"", ""reading"": ""あまい"", ""meaning"": ""sweet""}, {""word"": ""甘酒"", ""reading"": ""あまざけ"", ""meaning"": ""sweet sake""}, {""word"": ""甘味"", ""reading"": ""かんみ"", ""meaning"": ""sweetness""}]","[{""word"": ""甘駅"", ""reading"": ""かんえき"", ""meaning"": ""(non-word)""}, {""word"": ""甘車"", ""reading"": ""かんしゃ"", ""meaning"": ""(non-word)""}, {""word"": ""甘麺"", ""reading"": ""かんめん"", ""meaning"": ""(non-word)""}]",2,Dining,sweet; coax; pamper; be content; sugary,甘,甘,5
106,焼,"[{""word"": ""焼く"", ""reading"": ""やく"", ""meaning"": ""to grill""}, {""word"": ""焼き魚"", ""reading"": ""やきざかな"", ""meaning"": ""grilled fish""}, {""word"": ""焼肉"", ""reading"": ""やきにく"", ""meaning"": ""grilled meat""}, {""word"": ""卵焼き"", ""reading"": ""たまごやき"", ""meaning"": ""omelet""}]","[{""word"": ""焼駅"", ""reading"": ""やきえき"", ""meaning"": ""(non-word)""}, {""word"": ""焼糖"", ""reading"": ""しょうとう"", ""meaning"": ""(non-word)""}, {""word"": ""焼線"", ""reading"": ""しょうせん"", ""meaning"": ""(non-word)""}]",2,Dining,bake; burning,火,火 十 儿,12
107,豆,"[{""word"": ""豆"", ""reading"": ""まめ"", ""meaning"": ""bean""}, {""word"": ""大豆"", ""reading"": ""だいず"", ""meaning"": ""soybean""}, {""word"": ""豆腐"", ""reading"": ""とうふ"", ""meaning"": ""tofu""}, {""word"": ""納豆"", ""reading"": ""なっとう"", ""meaning"": ""natto""}]","[{""word"": ""豆駅"", ""reading"": ""まめえき"", ""meaning"": ""(non-word)""}, {""word"": ""豆車"", ""reading"": ""まめしゃ"", ""meaning"": ""(non-word)""}, {""word"": ""豆線"", ""reading"": ""とうせん"", ""meaning"": ""(non-word)""}]",2,Dining,beans; pea; midget,豆,口 豆 丷,7
108,鉄,"[{""word"": ""鉄"", ""reading"": ""てつ"", ""meaning"": ""iron""}, {""word"": ""地下鉄"", ""reading"": ""ちかてつ"", ""meaning"": ""subway""}, {""word"": ""鉄道"", ""reading"": ""てつどう"", ""meaning"": ""railway""}, {""word"": ""私鉄"", ""reading"": ""してつ"", ""meaning"": ""private railway""}]","[{""word"": ""鉄茶"", ""reading"": ""てつちゃ"", ""meaning"": ""(non-word)""}, {""word"": ""鉄糖"", ""reading"": ""てっとう"", ""meaning"": ""(non-word)""}, {""word"": ""鉄豆"", ""reading"": ""てつまめ"", ""meaning"": ""(non-word)""}]",2,Transport,iron,金,ノ 金 二 矢 大 𠂉,13
109,船,"[{""word"": ""船"", ""reading"": ""ふね"", ""meaning"": ""ship""}, {""word"": ""船便"", ""reading"": ""ふなびん"", ""meaning"": ""sea mail""}, {""word"": ""風船"", ""reading"": ""ふうせん"", ""meaning"": ""balloon""}, {""word"": ""船長"", ""reading"": ""せんちょう"", ""meaning"": ""captain""}]","[{""word"": ""船茶"", ""reading"": ""せんちゃ"", ""meaning"": ""(non-word)""}, {""word"": ""船糖"", ""reading"": ""せんとう"", ""meaning"": ""(non-word)""}, {""word"": ""船麺"", ""reading"": ""せんめん"", ""meaning"": ""(non-word)""}]",2,Transport,ship; boat,舟,口 舟 ハ,11
110,飛,"[{""word"": ""飛ぶ"", ""reading"": ""とぶ"", ""meaning"": ""to fly""}, {""word"": ""飛行機"", ""reading"": ""ひこうき"", ""meaning"": ""airplane""}, {""word"": ""飛行場"", ""reading"": ""ひこうじょう"", ""meaning"": ""airfield""}]","[{""word"": ""飛茶"", ""reading"": ""ひちゃ"", ""meaning"": ""(non-word)""}, {""word"": ""飛糖"", ""reading"": ""ひとう"", ""meaning"": ""(non-word)""}, {""word"": ""飛豆"", ""reading"": ""ひまめ"", ""meaning"": ""(non-word)""}]",2,Transport,fly; skip (pages); scatter,飛,飛,9
111,機,"[{""word"": ""飛行機"", ""reading"": ""ひこうき"", ""meaning"": ""airplane""}, {""word"": ""機械"", ""reading"": ""きかい"", ""meaning"": ""machine""}, {""word"": ""機会"", ""reading"": ""きかい"", ""meaning"": ""opportunity""}, {""word"": ""洗濯機"", ""reading"": ""せんたくき"", ""meaning"": ""washing machine""}]","[{""word"": ""機茶"", ""reading"": ""きちゃ"", ""meaning"": ""(non-word)""}, {""word"": ""機糖"", ""reading"": ""きとう"", ""meaning"": ""(non-word)""}, {""word"": ""機麺"", ""reading"": ""きめん"", ""meaning"": ""(non-word)""}]",2,Transport,loom; mechanism; machine; airplane; opportunity; potency; efficacy; occasion,木,ノ 木 丶 幺 戈,16
112,橋,"[{""word"": ""橋"", ""reading"": ""はし"", ""meaning"": ""bridge""}, {""word"": ""歩道橋"", ""reading"": ""ほどうきょう"", ""meaning"": ""footbridge""}, {""word"": ""石橋"", ""reading"": ""いしばし"", ""meaning"": ""stone bridge""}]","[{""word"": ""橋茶"", ""reading"": ""はしちゃ"", ""meaning"": ""(non-word)""}, {""word"": ""橋糖"", ""reading"": ""きょうとう"", ""meaning"": ""(non-word)""}, {""word"": ""橋豆"", ""reading"": ""きょうまめ"", ""meaning"": ""(non-word)""}]",2,Transport,bridge,木,ノ 口 木 冂,16
113,切,"[{""word"": ""切る"", ""reading"": ""きる"", ""meaning"": ""to cut""}, {""word"": ""切符"", ""reading"": ""きっぷ"", ""meaning"": ""ticket""}, {""word"": ""切手"", ""reading"": ""きって"", ""meaning"": ""stamp""}, {""word"": ""大切"", ""reading"": ""たいせつ"", ""meaning"": ""important""}]","[{""word"": ""切茶"", ""reading"": ""せっちゃ"", ""meaning"": ""(non-word)""}, {""word"": ""切糖"", ""reading"": ""せっとう"", ""meaning"": ""(non-word)""}, {""word"": ""切麺"", ""reading"": ""せつめん"", ""meaning"": ""(non-word)""}]",2,Actions,cut; cutoff; be sharp,刀,刀 匕,4
114,市,"[{""word"": ""市"", ""reading"": ""し"", ""meaning"": ""city""}, {""word"": ""市場"", ""reading"": ""いちば"", ""meaning"": ""market""}, {""word"": ""市民"", ""reading"": ""しみん"", ""meaning"": ""citizen""}, {""word"": ""都市"", ""reading"": ""とし"", ""meaning"": ""city""}]","[{""word"": ""市茶"", ""reading"": ""しちゃ"", ""meaning"": ""(non-word)""}, {""word"": ""市糖"", ""reading"": ""しとう"", ""meaning"": ""(non-word)""}, {""word"": ""市麺"", ""reading"": ""しめん"", ""meaning"": ""(non-word)""}]",2,City,market; city; town,巾,巾 亠,5
115,公,"[{""word"": ""公園"", ""reading"": ""こうえん"", ""meaning"": ""park""}, {""word"": ""公立"", ""reading"": ""こうりつ"", ""meaning"": ""public""}, {""word"": ""公共"", ""reading"": ""こうきょう"", ""meaning"": ""public""}, {""word"": ""公式"", ""reading"": ""こうしき"", ""meaning"": ""official""}]","[{""word"": ""公茶"", ""reading"": ""こうちゃ"", ""meaning"": ""(non-word)""}, {""word"": ""公糖"", ""reading"": ""こうとう"", ""meaning"": ""(non-word)""}, {""word"": ""公麺"", ""reading"": ""こうめん"", ""meaning"": ""(non-word)""}]",2,City,public; prince; official; governmental,八,ハ 厶,4
116,園,"[{""word"": ""公園"", ""reading"": ""こうえん"", ""meaning"": ""park""}, {""word"": ""動物園"", ""reading"": ""どうぶつえん"", ""meaning"": ""zoo""}, {""word"": ""幼稚園"", ""reading"": ""ようちえん"", ""meaning"": ""kindergarten""}, {""word"": ""庭園"", ""reading"": ""ていえん"", ""meaning"": ""garden""}]","[{""word"": ""園茶"", ""reading"": ""えんちゃ"", ""meaning"": ""(non-word)""}, {""word"": ""園糖"", ""reading"": ""えんとう"", ""meaning"": ""(non-word)""}, {""word"": ""園豆"", ""reading"": ""えんまめ"", ""meaning"": ""(non-word)""}]",2,City,park; garden; yard; farm,囗,衣 口 土 囗,13
117,場,"[{""word"": ""場所"", ""reading"": ""ばしょ"", ""meaning"": ""place""}, {""word"": ""駐車場"", ""reading"": ""ちゅうしゃじょう"", ""meaning"": ""parking lot""}, {""word"": ""会場"", ""reading"": ""かいじょう"", ""meaning"": ""venue""}, {""word"": ""市場"", ""reading"": ""いちば"", ""meaning"": ""market""}]","[{""word"": ""場茶"", ""reading"": ""ばちゃ"", ""meaning"": ""(non-word)""}, {""word"": ""場糖"", ""reading"": ""じょうとう"", ""meaning"": ""(non-word)""}, {""word"": ""場麺"", ""reading"": ""じょうめん"", ""meaning"": ""(non-word)""}]",2,City,location; place,土,土 日 一 勿,12
118,病,"[{""word"": ""病気"", ""reading"": ""びょうき"", ""meaning"": ""illness""}, {""word"": ""病院"", ""reading"": ""びょういん"", ""meaning"": ""hospital""}, {""word"": ""病人"", ""reading"": ""びょうにん"", ""meaning"": ""sick person""}]","[{""word"": ""病茶"", ""reading"": ""びょうちゃ"", ""meaning"": ""(non-word)""}, {""word"": ""病糖"", ""reading"": ""びょうとう"", ""meaning"": ""(non-word)""}, {""word"": ""病麺"", ""reading"": ""びょうめん"", ""meaning"": ""(non-word)""}]",2,City,ill; sick,疒,一 人 冂 疒,10
119,院,"[{""word"": ""病院"", ""reading"": ""びょういん"", ""meaning"": ""hospital""}, {""word"": ""大学院"", ""reading"": ""だいがくいん"", ""meaning"": ""grad school""}, {""word"": ""美容院"", ""reading"": ""びよういん"", ""meaning"": ""salon""}]","[{""word"": ""院茶"", ""reading"": ""いんちゃ"", ""meaning"": ""(non-word)""}, {""word"": ""院糖"", ""reading"": ""いんとう"", ""meaning"": ""(non-word)""}, {""word"": ""院豆"", ""reading"": ""いんまめ"", ""meaning"": ""(non-word)""}]",2,City,Inst.; institution; temple; mansion; school,阜,二 儿 宀 阝 元,10
120,銀,"[{""word"": ""銀行"", ""reading"": ""ぎんこう"", ""meaning"": ""bank""}, {""word"": ""銀"", ""reading"": ""ぎん"", ""meaning"": ""silver""}, {""word"": ""銀色"", ""reading"": ""ぎんいろ"", ""meaning"": ""silver color""}]","[{""word"": ""銀茶"", ""reading"": ""ぎんちゃ"", ""meaning"": ""(non-word)""}, {""word"": ""銀糖"", ""reading"": ""ぎんとう"", ""meaning"": ""(non-word)""}, {""word"": ""銀麺"", ""reading"": ""ぎんめん"", ""meaning"": ""(non-word)""}]",2,City,silver,金,金 艮,14
121,屋,"[{""word"": ""本屋"", ""reading"": ""ほんや"", ""meaning"": ""bookstore""}, {""word"": ""部屋"", ""reading"": ""へや"", ""meaning"": ""room""}, {""word"": ""八百屋"", ""reading"": ""やおや"", ""meaning"": ""greengrocer""}, {""word"": ""屋上"", ""reading"": ""おくじょう"", ""meaning"": ""rooftop""}]","[{""word"": ""屋茶"", ""reading"": ""やちゃ"", ""meaning"": ""(non-word)""}, {""word"": ""屋糖"", ""reading"": ""やとう"", ""meaning"": ""(non-word)""}, {""word"": ""屋豆"", ""reading"": ""やまめ"", ""meaning"": ""(non-word)""}]",2,Shopping,roof; house; shop; dealer; seller,尸,至 土 厶 尸,9
122,事,"[{""word"": ""事"", ""reading"": ""こと"", ""meaning"": ""thing/matter""}, {""word"": ""仕事"", ""reading"": ""しごと"", ""meaning"": ""job/work""}, {""word"": ""大事"", ""reading"": ""だいじ"", ""meaning"": ""important""}, {""word"": ""事故"", ""reading"": ""じこ"", ""meaning"": ""accident""}, {""word"": ""用事"", ""reading"": ""ようじ"", ""meaning"": ""errand""}, {""word"": ""食事"", ""reading"": ""しょくじ"", ""meaning"": ""meal""}, {""word"": ""返事"", ""reading"": ""へんじ"", ""meaning"": ""reply""}]","[{""word"": ""事肉"", ""reading"": ""じにく"", ""meaning"": ""(non-word)""}, {""word"": ""事茶"", ""reading"": ""じちゃ"", ""meaning"": ""(non-word)""}, {""word"": ""事水"", ""reading"": ""じすい"", ""meaning"": ""(non-word)""}]",2,Function Words,matter; thing; fact; business; reason; possibly,亅,一 口 亅 ヨ,8
123,方,"[{""word"": ""方"", ""reading"": ""かた"", ""meaning"": ""person (polite)""}, {""word"": ""方法"", ""reading"": ""ほうほう"", ""meaning"": ""method""}, {""word"": ""一方"", ""reading"": ""いっぽう"", ""meaning"": ""one side""}, {""word"": ""両方"", ""reading"": ""りょうほう"", ""meaning"": ""both""}, {""word"": ""夕方"", ""reading"": ""ゆうがた"", ""meaning"": ""evening""}, {""word"": ""方向"", ""reading"": ""ほうこう"", ""meaning"": ""direction""}]","[{""word"": ""方肉"", ""reading"": ""ほうにく"", ""meaning"": ""(non-word)""}, {""word"": ""方茶"", ""reading"": ""ほうちゃ"", ""meaning"": ""(non-word)""}, {""word"": ""方油"", ""reading"": ""ほうゆ"", ""meaning"": ""(non-word)""}]",2,Function Words,direction; person; alternative,方,方,4
124,所,"[{""word"": ""所"", ""reading"": ""ところ"", ""meaning"": ""place""}, {""word"": ""場所"", ""reading"": ""ばしょ"", ""meaning"": ""location""}, {""word"": ""台所"", ""reading"": ""だいどころ"", ""meaning"": ""kitchen""}, {""word"": ""近所"", ""reading"": ""きんじょ"", ""meaning"": ""neighborhood""}, {""word"": ""住所"", ""reading"": ""じゅうしょ"", ""meaning"": ""address""}, {""word"": ""名所"", ""reading"": ""めいしょ"", ""meaning"": ""famous spot""}]","[{""word"": ""所肉"", ""reading"": ""しょにく"", ""meaning"": ""(non-word)""}, {""word"": ""所茶"", ""reading"": ""しょちゃ"", ""meaning"": ""(non-word)""}, {""word"": ""所水"", ""reading"": ""しょすい"", ""meaning"": ""(non-word)""}]",2,Function Words,place; extent,戶,斤 戸 一 尸,8
125,訳,"[{""word"": ""訳"", ""reading"": ""わけ"", ""meaning"": ""reason/meaning""}, {""word"": ""翻訳"", ""reading"": ""ほんやく"", ""meaning"": ""translation""}, {""word"": ""通訳"", ""reading"": ""つうやく"", ""meaning"": ""interpreter""}, {""word"": ""言い訳"", ""reading"": ""いいわけ"", ""meaning"": ""excuse""}, {""word"": ""内訳"", ""reading"": ""うちわけ"", ""meaning"": ""breakdown""}]","[{""word"": ""訳肉"", ""reading"": ""やくにく"", ""meaning"": ""(non-word)""}, {""word"": ""訳茶"", ""reading"": ""やくちゃ"", ""meaning"": ""(non-word)""}, {""word"": ""訳水"", ""reading"": ""やくすい"", ""meaning"": ""(non-word)""}]",2,Function Words,translate; reason; circumstance; case,言,言 尸 丶,11
126,程,"[{""word"": ""程"", ""reading"": ""ほど"", ""meaning"": ""extent""}, {""word"": ""程度"", ""reading"": ""ていど"", ""meaning"": ""degree""}, {""word"": ""日程"", ""reading"": ""にってい"", ""meaning"": ""schedule""}, {""word"": ""過程"", ""reading"": ""かてい"", ""meaning"": ""process""}, {""word"": ""先程"", ""reading"": ""さきほど"", ""meaning"": ""a while ago""}]","[{""word"": ""程肉"", ""reading"": ""ていにく"", ""meaning"": ""(non-word)""}, {""word"": ""程茶"", ""reading"": ""ていちゃ"", ""meaning"": ""(non-word)""}, {""word"": ""程油"", ""reading"": ""ていゆ"", ""meaning"": ""(non-word)""}]",2,Function Words,extent; degree; law; formula; distance; limits; amount,禾,王 禾 口,12
127,全,"[{""word"": ""全部"", ""reading"": ""ぜんぶ"", ""meaning"": ""all""}, {""word"": ""全員"", ""reading"": ""ぜんいん"", ""meaning"": ""everyone""}, {""word"": ""安全"", ""reading"": ""あんぜん"", ""meaning"": ""safety""}, {""word"": ""全国"", ""reading"": ""ぜんこく"", ""meaning"": ""nationwide""}, {""word"": ""全体"", ""reading"": ""ぜんたい"", ""meaning"": ""the whole""}, {""word"": ""完全"", ""reading"": ""かんぜん"", ""meaning"": ""complete""}]","[{""word"": ""全肉"", ""reading"": ""ぜんにく"", ""meaning"": ""(non-word)""}, {""word"": ""全茶"", ""reading"": ""ぜんちゃ"", ""meaning"": ""(non-word)""}, {""word"": ""全水"", ""reading"": ""ぜんすい"", ""meaning"": ""(non-word)""}]",2,Function Words,whole; entire; all; complete; fulfill,入,王 ハ 𠆢,6
128,皆,"[{""word"": ""皆"", ""reading"": ""みな"", ""meaning"": ""everyone""}, {""word"": ""皆さん"", ""reading"": ""みなさん"", ""meaning"": ""everyone (polite)""}, {""word"": ""皆様"", ""reading"": ""みなさま"", ""meaning"": ""everyone (formal)""}, {""word"": ""皆勤"", ""reading"": ""かいきん"", ""meaning"": ""perfect attendance""}]","[{""word"": ""皆肉"", ""reading"": ""みなにく"", ""meaning"": ""(non-word)""}, {""word"": ""皆茶"", ""reading"": ""みなちゃ"", ""meaning"": ""(non-word)""}, {""word"": ""皆水"", ""reading"": ""みなみず"", ""meaning"": ""(non-word)""}]",2,Function Words,all; everything,白,白 比,9
129,他,"[{""word"": ""他"", ""reading"": ""ほか"", ""meaning"": ""other""}, {""word"": ""他人"", ""reading"": ""たにん"", ""meaning"": ""stranger""}, {""word"": ""その他"", ""reading"": ""そのた"", ""meaning"": ""et cetera""}, {""word"": ""他国"", ""reading"": ""たこく"", ""meaning"": ""foreign country""}, {""word"": ""他方"", ""reading"": ""たほう"", ""meaning"": ""the other side""}]","[{""word"": ""他肉"", ""reading"": ""たにく"", ""meaning"": ""(non-word)""}, {""word"": ""他茶"", ""reading"": ""たちゃ"", ""meaning"": ""(non-word)""}, {""word"": ""他油"", ""reading"": ""たゆ"", ""meaning"": ""(non-word)""}]",2,Function Words,other; another; the others,人,亻 也,5
130,別,"[{""word"": ""別"", ""reading"": ""べつ"", ""meaning"": ""separate""}, {""word"": ""別々"", ""reading"": ""べつべつ"", ""meaning"": ""separately""}, {""word"": ""特別"", ""reading"": ""とくべつ"", ""meaning"": ""special""}, {""word"": ""区別"", ""reading"": ""くべつ"", ""meaning"": ""distinction""}, {""word"": ""別れる"", ""reading"": ""わかれる"", ""meaning"": ""to part""}, {""word"": ""性別"", ""reading"": ""せいべつ"", ""meaning"": ""gender""}]","[{""word"": ""別肉"", ""reading"": ""べつにく"", ""meaning"": ""(non-word)""}, {""word"": ""別茶"", ""reading"": ""べっちゃ"", ""meaning"": ""(non-word)""}, {""word"": ""別水"", ""reading"": ""べっすい"", ""meaning"": ""(non-word)""}]",2,Function Words,separate; branch off; diverge; fork; another; extra; specially,刀,刂 口 力 勹,7
131,同,"[{""word"": ""同じ"", ""reading"": ""おなじ"", ""meaning"": ""same""}, {""word"": ""同時"", ""reading"": ""どうじ"", ""meaning"": ""simultaneous""}, {""word"": ""同年"", ""reading"": ""どうねん"", ""meaning"": ""same year""}, {""word"": ""同級生"", ""reading"": ""どうきゅうせい"", ""meaning"": ""classmate""}, {""word"": ""共同"", ""reading"": ""きょうどう"", ""meaning"": ""joint""}, {""word"": ""同意"", ""reading"": ""どうい"", ""meaning"": ""agreement""}]","[{""word"": ""同肉"", ""reading"": ""どうにく"", ""meaning"": ""(non-word)""}, {""word"": ""同茶"", ""reading"": ""どうちゃ"", ""meaning"": ""(non-word)""}, {""word"": ""同水"", ""reading"": ""どうすい"", ""meaning"": ""(non-word)""}]",2,Function Words,same; agree; equal,口,口 冂 一,6
132,各,"[{""word"": ""各"", ""reading"": ""かく"", ""meaning"": ""each""}, {""word"": ""各自"", ""reading"": ""かくじ"", ""meaning"": ""each person""}, {""word"": ""各国"", ""reading"": ""かっこく"", ""meaning"": ""each country""}, {""word"": ""各種"", ""reading"": ""かくしゅ"", ""meaning"": ""various kinds""}, {""word"": ""各地"", ""reading"": ""かくち"", ""meaning"": ""various places""}, {""word"": ""各々"", ""reading"": ""おのおの"", ""meaning"": ""each""}]","[{""word"": ""各肉"", ""reading"": ""かくにく"", ""meaning"": ""(non-word)""}, {""word"": ""各茶"", ""reading"": ""かくちゃ"", ""meaning"": ""(non-word)""}, {""word"": ""各水"", ""reading"": ""かくすい"", ""meaning"": ""(non-word)""}]",2,Function Words,each; every; either,口,口 夂 攵,6
133,両,"[{""word"": ""両方"", ""reading"": ""りょうほう"", ""meaning"": ""both""}, {""word"": ""両親"", ""reading"": ""りょうしん"", ""meaning"": ""parents""}, {""word"": ""両手"", ""reading"": ""りょうて"", ""meaning"": ""both hands""}, {""word"": ""車両"", ""reading"": ""しゃりょう"", ""meaning"": ""railcar""}, {""word"": ""両国"", ""reading"": ""りょうこく"", ""meaning"": ""both countries""}]","[{""word"": ""両肉"", ""reading"": ""りょうにく"", ""meaning"": ""(non-word)""}, {""word"": ""両茶"", ""reading"": ""りょうちゃ"", ""meaning"": ""(non-word)""}, {""word"": ""両水"", ""reading"": ""りょうすい"", ""meaning"": ""(non-word)""}]",2,Function Words,"both; old Japanese coin; counter for carriages (e.g., in a train); two",一,｜ 一 冂 山,6
134,数,"[{""word"": ""数"", ""reading"": ""かず"", ""meaning"": ""number""}, {""word"": ""数字"", ""reading"": ""すうじ"", ""meaning"": ""numeral""}, {""word"": ""数学"", ""reading"": ""すうがく"", ""meaning"": ""mathematics""}, {""word"": ""人数"", ""reading"": ""にんずう"", ""meaning"": ""number of people""}, {""word"": ""数日"", ""reading"": ""すうじつ"", ""meaning"": ""several days""}, {""word"": ""多数"", ""reading"": ""たすう"", ""meaning"": ""large number""}]","[{""word"": ""数肉"", ""reading"": ""すうにく"", ""meaning"": ""(non-word)""}, {""word"": ""数茶"", ""reading"": ""すうちゃ"", ""meaning"": ""(non-word)""}, {""word"": ""数油"", ""reading"": ""すうゆ"", ""meaning"": ""(non-word)""}]",2,Function Words,number; strength; fate; law; figures,攴,女 米 攵 夂 𠂉,13
135,約,"[{""word"": ""約"", ""reading"": ""やく"", ""meaning"": ""approximately""}, {""word"": ""約束"", ""reading"": ""やくそく"", ""meaning"": ""promise""}, {""word"": ""予約"", ""reading"": ""よやく"", ""meaning"": ""reservation""}, {""word"": ""契約"", ""reading"": ""けいやく"", ""meaning"": ""contract""}, {""word"": ""節約"", ""reading"": ""せつやく"", ""meaning"": ""saving""}]","[{""word"": ""約肉"", ""reading"": ""やくにく"", ""meaning"": ""(non-word)""}, {""word"": ""約茶"", ""reading"": ""やくちゃ"", ""meaning"": ""(non-word)""}, {""word"": ""約水"", ""reading"": ""やくすい"", ""meaning"": ""(non-word)""}]",2,Function Words,promise; approximately; shrink,糸,糸 幺 小 丶 勹,9
136,誰,"[{""word"": ""誰"", ""reading"": ""だれ"", ""meaning"": ""who""}, {""word"": ""誰か"", ""reading"": ""だれか"", ""meaning"": ""someone""}, {""word"": ""誰も"", ""reading"": ""だれも"", ""meaning"": ""everyone/no one""}, {""word"": ""誰でも"", ""reading"": ""だれでも"", ""meaning"": ""anyone""}, {""word"": ""誰の"", ""reading"": ""だれの"", ""meaning"": ""whose""}]","[{""word"": ""誰肉"", ""reading"": ""だれにく"", ""meaning"": ""(non-word)""}, {""word"": ""誰茶"", ""reading"": ""だれちゃ"", ""meaning"": ""(non-word)""}, {""word"": ""誰水"", ""reading"": ""だれみず"", ""meaning"": ""(non-word)""}]",2,Function Words,who; someone; somebody,言,言 隹,15
137,幾,"[{""word"": ""幾つ"", ""reading"": ""いくつ"", ""meaning"": ""how many""}, {""word"": ""幾ら"", ""reading"": ""いくら"", ""meaning"": ""how much""}, {""word"": ""幾分"", ""reading"": ""いくぶん"", ""meaning"": ""somewhat""}, {""word"": ""幾何"", ""reading"": ""きか"", ""meaning"": ""geometry""}, {""word"": ""幾度"", ""reading"": ""いくど"", ""meaning"": ""how many times""}]","[{""word"": ""幾肉"", ""reading"": ""いくにく"", ""meaning"": ""(non-word)""}, {""word"": ""幾茶"", ""reading"": ""いくちゃ"", ""meaning"": ""(non-word)""}, {""word"": ""幾水"", ""reading"": ""いくみず"", ""meaning"": ""(non-word)""}]",2,Function Words,how many; how much; how far; how long; some; several,幺,ノ 幺 戈 丶,12
